"age","per","haz","sex"
0,1990,0.00854,1
1,1990,7e-04,1
2,1990,0.00048,1
3,1990,0.00034,1
4,1990,0.00028,1
5,1990,0.00023,1
6,1990,0.00024,1
7,1990,0.00018,1
8,1990,0.00019,1
9,1990,2e-04,1
10,1990,0.00022,1
11,1990,2e-04,1
12,1990,0.00023,1
13,1990,0.00018,1
14,1990,0.00032,1
15,1990,0.00051,1
16,1990,0.00058,1
17,1990,0.00083,1
18,1990,0.00115,1
19,1990,0.00131,1
20,1990,0.00133,1
21,1990,0.00158,1
22,1990,0.00161,1
23,1990,0.00158,1
24,1990,0.00157,1
25,1990,0.00155,1
26,1990,0.00162,1
27,1990,0.00164,1
28,1990,0.0016,1
29,1990,0.0018,1
30,1990,0.00168,1
31,1990,0.00191,1
32,1990,0.00178,1
33,1990,0.00198,1
34,1990,0.00206,1
35,1990,0.00213,1
36,1990,0.0023,1
37,1990,0.0024,1
38,1990,0.00273,1
39,1990,0.00264,1
40,1990,0.00296,1
41,1990,0.00312,1
42,1990,0.00338,1
43,1990,0.00367,1
44,1990,0.00407,1
45,1990,0.00443,1
46,1990,0.00477,1
47,1990,0.00507,1
48,1990,0.00533,1
49,1990,0.0057,1
50,1990,0.00655,1
51,1990,0.00691,1
52,1990,0.00773,1
53,1990,0.00871,1
54,1990,0.00918,1
55,1990,0.01056,1
56,1990,0.01086,1
57,1990,0.01168,1
58,1990,0.01283,1
59,1990,0.01403,1
60,1990,0.01516,1
61,1990,0.01653,1
62,1990,0.0179,1
63,1990,0.01934,1
64,1990,0.02058,1
65,1990,0.02183,1
66,1990,0.02327,1
67,1990,0.0249,1
68,1990,0.02711,1
69,1990,0.02844,1
70,1990,0.03149,1
71,1990,0.0355,1
72,1990,0.03926,1
73,1990,0.04217,1
74,1990,0.04711,1
75,1990,0.05029,1
76,1990,0.0555,1
77,1990,0.06129,1
78,1990,0.06877,1
79,1990,0.07343,1
80,1990,0.08429,1
81,1990,0.09593,1
82,1990,0.1057,1
83,1990,0.11812,1
84,1990,0.13119,1
85,1990,0.14116,1
86,1990,0.1595,1
87,1990,0.17615,1
88,1990,0.1993,1
89,1990,0.2159,1
90,1990,0.23218,1
91,1990,0.25864,1
92,1990,0.27545,1
93,1990,0.31316,1
94,1990,0.33215,1
95,1990,0.35919,1
96,1990,0.3872,1
97,1990,0.41599,1
98,1990,0.44536,1
99,1990,0.47511,1
100,1990,0.50504,1
101,1990,0.53494,1
102,1990,0.56459,1
103,1990,0.59378,1
104,1990,0.62233,1
105,1990,0.65005,1
106,1990,0.67679,1
107,1990,0.70243,1
108,1990,0.72685,1
109,1990,0.74998,1
110,1990,NA,1
0,1991,0.00845,1
1,1991,0.00073,1
2,1991,0.00038,1
3,1991,0.00031,1
4,1991,0.00028,1
5,1991,0.00023,1
6,1991,0.00028,1
7,1991,2e-04,1
8,1991,2e-04,1
9,1991,0.00019,1
10,1991,0.00021,1
11,1991,0.00023,1
12,1991,0.00024,1
13,1991,0.00027,1
14,1991,3e-04,1
15,1991,0.00043,1
16,1991,0.00061,1
17,1991,0.00078,1
18,1991,0.00109,1
19,1991,0.00129,1
20,1991,0.00148,1
21,1991,0.00148,1
22,1991,0.00153,1
23,1991,0.00158,1
24,1991,0.00161,1
25,1991,0.00162,1
26,1991,0.00171,1
27,1991,0.00167,1
28,1991,0.00177,1
29,1991,0.00178,1
30,1991,0.00189,1
31,1991,0.00197,1
32,1991,0.00201,1
33,1991,0.002,1
34,1991,0.00202,1
35,1991,0.00224,1
36,1991,0.00231,1
37,1991,0.0025,1
38,1991,0.00259,1
39,1991,0.0028,1
40,1991,0.00312,1
41,1991,0.00335,1
42,1991,0.00344,1
43,1991,0.00366,1
44,1991,0.0041,1
45,1991,0.0043,1
46,1991,0.00464,1
47,1991,0.00503,1
48,1991,0.00553,1
49,1991,0.00583,1
50,1991,0.00603,1
51,1991,0.00691,1
52,1991,0.0076,1
53,1991,0.00797,1
54,1991,0.0092,1
55,1991,0.00968,1
56,1991,0.01053,1
57,1991,0.01124,1
58,1991,0.01277,1
59,1991,0.01371,1
60,1991,0.01552,1
61,1991,0.01643,1
62,1991,0.01769,1
63,1991,0.01865,1
64,1991,0.02026,1
65,1991,0.02105,1
66,1991,0.02305,1
67,1991,0.0253,1
68,1991,0.02692,1
69,1991,0.02907,1
70,1991,0.03114,1
71,1991,0.03462,1
72,1991,0.0374,1
73,1991,0.04071,1
74,1991,0.04536,1
75,1991,0.05009,1
76,1991,0.05343,1
77,1991,0.05931,1
78,1991,0.06739,1
79,1991,0.07397,1
80,1991,0.08254,1
81,1991,0.09285,1
82,1991,0.10142,1
83,1991,0.11559,1
84,1991,0.12583,1
85,1991,0.13881,1
86,1991,0.15312,1
87,1991,0.17063,1
88,1991,0.1896,1
89,1991,0.21191,1
90,1991,0.22627,1
91,1991,0.25294,1
92,1991,0.27027,1
93,1991,0.29138,1
94,1991,0.32442,1
95,1991,0.34743,1
96,1991,0.37474,1
97,1991,0.40288,1
98,1991,0.43166,1
99,1991,0.46091,1
100,1991,0.49044,1
101,1991,0.52003,1
102,1991,0.54949,1
103,1991,0.5786,1
104,1991,0.60717,1
105,1991,0.63503,1
106,1991,0.66201,1
107,1991,0.68798,1
108,1991,0.71282,1
109,1991,0.73644,1
110,1991,NA,1
0,1992,0.00793,1
1,1992,0.00061,1
2,1992,0.00039,1
3,1992,0.00033,1
4,1992,0.00027,1
5,1992,0.00025,1
6,1992,0.00018,1
7,1992,0.00018,1
8,1992,0.00021,1
9,1992,0.00015,1
10,1992,0.00017,1
11,1992,0.00023,1
12,1992,0.00018,1
13,1992,0.00025,1
14,1992,0.00032,1
15,1992,0.00039,1
16,1992,0.00053,1
17,1992,0.00077,1
18,1992,0.00115,1
19,1992,0.00123,1
20,1992,0.00127,1
21,1992,0.00151,1
22,1992,0.00146,1
23,1992,0.00152,1
24,1992,0.0015,1
25,1992,0.00157,1
26,1992,0.00158,1
27,1992,0.00164,1
28,1992,0.0018,1
29,1992,0.00173,1
30,1992,0.00188,1
31,1992,0.00203,1
32,1992,0.00194,1
33,1992,0.00203,1
34,1992,0.00219,1
35,1992,0.00237,1
36,1992,0.0024,1
37,1992,0.00241,1
38,1992,0.00257,1
39,1992,0.00285,1
40,1992,0.00302,1
41,1992,0.00318,1
42,1992,0.00335,1
43,1992,0.00382,1
44,1992,0.00422,1
45,1992,0.00427,1
46,1992,0.00461,1
47,1992,0.00511,1
48,1992,0.00543,1
49,1992,0.00587,1
50,1992,0.00642,1
51,1992,0.00669,1
52,1992,0.00721,1
53,1992,0.00806,1
54,1992,0.00868,1
55,1992,0.00954,1
56,1992,0.01018,1
57,1992,0.0112,1
58,1992,0.01228,1
59,1992,0.01327,1
60,1992,0.01467,1
61,1992,0.01618,1
62,1992,0.01704,1
63,1992,0.01835,1
64,1992,0.01994,1
65,1992,0.02137,1
66,1992,0.02278,1
67,1992,0.02459,1
68,1992,0.02732,1
69,1992,0.02788,1
70,1992,0.03169,1
71,1992,0.03281,1
72,1992,0.0371,1
73,1992,0.04049,1
74,1992,0.04512,1
75,1992,0.0481,1
76,1992,0.05403,1
77,1992,0.05893,1
78,1992,0.06426,1
79,1992,0.07125,1
80,1992,0.08041,1
81,1992,0.088,1
82,1992,0.10057,1
83,1992,0.11062,1
84,1992,0.124,1
85,1992,0.13355,1
86,1992,0.15211,1
87,1992,0.16251,1
88,1992,0.18063,1
89,1992,0.2065,1
90,1992,0.22576,1
91,1992,0.23789,1
92,1992,0.27366,1
93,1992,0.29969,1
94,1992,0.30514,1
95,1992,0.34199,1
96,1992,0.36933,1
97,1992,0.39753,1
98,1992,0.42643,1
99,1992,0.45584,1
100,1992,0.48555,1
101,1992,0.51538,1
102,1992,0.54509,1
103,1992,0.57449,1
104,1992,0.60336,1
105,1992,0.63154,1
106,1992,0.65884,1
107,1992,0.68514,1
108,1992,0.71029,1
109,1992,0.73422,1
110,1992,NA,1
0,1993,0.00748,1
1,1993,0.00067,1
2,1993,3e-04,1
3,1993,0.00034,1
4,1993,0.00024,1
5,1993,0.00023,1
6,1993,0.00017,1
7,1993,0.00019,1
8,1993,2e-04,1
9,1993,0.00019,1
10,1993,0.00019,1
11,1993,0.00021,1
12,1993,0.00019,1
13,1993,0.00023,1
14,1993,0.00031,1
15,1993,0.00046,1
16,1993,0.00059,1
17,1993,0.00076,1
18,1993,0.00098,1
19,1993,0.00121,1
20,1993,0.00142,1
21,1993,0.00142,1
22,1993,0.0015,1
23,1993,0.00142,1
24,1993,0.00142,1
25,1993,0.00148,1
26,1993,0.00151,1
27,1993,0.00157,1
28,1993,0.00168,1
29,1993,0.00191,1
30,1993,0.00191,1
31,1993,0.00192,1
32,1993,0.00197,1
33,1993,0.00206,1
34,1993,0.00224,1
35,1993,0.00234,1
36,1993,0.00255,1
37,1993,0.00244,1
38,1993,0.00278,1
39,1993,0.00272,1
40,1993,0.00303,1
41,1993,0.00327,1
42,1993,0.00349,1
43,1993,0.00398,1
44,1993,0.00385,1
45,1993,0.00411,1
46,1993,0.00455,1
47,1993,0.00511,1
48,1993,0.00572,1
49,1993,0.00582,1
50,1993,0.0059,1
51,1993,0.00678,1
52,1993,0.00708,1
53,1993,0.00774,1
54,1993,0.00867,1
55,1993,0.00939,1
56,1993,0.01016,1
57,1993,0.01096,1
58,1993,0.01205,1
59,1993,0.01324,1
60,1993,0.01471,1
61,1993,0.01574,1
62,1993,0.01671,1
63,1993,0.0182,1
64,1993,0.02006,1
65,1993,0.02089,1
66,1993,0.0226,1
67,1993,0.02409,1
68,1993,0.02657,1
69,1993,0.02841,1
70,1993,0.03158,1
71,1993,0.03288,1
72,1993,0.03587,1
73,1993,0.03949,1
74,1993,0.04441,1
75,1993,0.04745,1
76,1993,0.052,1
77,1993,0.05983,1
78,1993,0.06375,1
79,1993,0.0708,1
80,1993,0.08029,1
81,1993,0.09179,1
82,1993,0.1001,1
83,1993,0.11264,1
84,1993,0.12393,1
85,1993,0.13913,1
86,1993,0.15403,1
87,1993,0.16721,1
88,1993,0.1838,1
89,1993,0.20422,1
90,1993,0.22725,1
91,1993,0.24208,1
92,1993,0.28039,1
93,1993,0.28895,1
94,1993,0.35162,1
95,1993,0.34889,1
96,1993,0.37674,1
97,1993,0.40544,1
98,1993,0.4348,1
99,1993,0.46462,1
100,1993,0.4947,1
101,1993,0.52481,1
102,1993,0.55475,1
103,1993,0.58429,1
104,1993,0.61324,1
105,1993,0.64141,1
106,1993,0.66864,1
107,1993,0.69479,1
108,1993,0.71973,1
109,1993,0.74339,1
110,1993,NA,1
0,1994,0.00686,1
1,1994,5e-04,1
2,1994,0.00031,1
3,1994,3e-04,1
4,1994,0.00021,1
5,1994,0.00022,1
6,1994,0.00019,1
7,1994,0.00021,1
8,1994,0.00018,1
9,1994,0.00013,1
10,1994,0.00019,1
11,1994,0.00018,1
12,1994,0.00025,1
13,1994,0.00026,1
14,1994,0.00035,1
15,1994,0.00044,1
16,1994,0.00054,1
17,1994,0.00071,1
18,1994,0.00099,1
19,1994,0.00114,1
20,1994,0.00123,1
21,1994,0.00144,1
22,1994,0.00141,1
23,1994,0.00143,1
24,1994,0.00144,1
25,1994,0.00148,1
26,1994,0.00148,1
27,1994,0.00153,1
28,1994,0.0017,1
29,1994,0.00186,1
30,1994,0.00195,1
31,1994,0.00185,1
32,1994,0.00195,1
33,1994,0.002,1
34,1994,0.00215,1
35,1994,0.00236,1
36,1994,0.00235,1
37,1994,0.0026,1
38,1994,0.00259,1
39,1994,0.00273,1
40,1994,0.00308,1
41,1994,0.00325,1
42,1994,0.00336,1
43,1994,0.00364,1
44,1994,0.00402,1
45,1994,0.00438,1
46,1994,0.00456,1
47,1994,0.00499,1
48,1994,0.00566,1
49,1994,0.00588,1
50,1994,0.00651,1
51,1994,0.00663,1
52,1994,0.0072,1
53,1994,0.00764,1
54,1994,0.00833,1
55,1994,0.00912,1
56,1994,0.01,1
57,1994,0.01037,1
58,1994,0.01171,1
59,1994,0.0125,1
60,1994,0.01353,1
61,1994,0.01487,1
62,1994,0.01609,1
63,1994,0.01819,1
64,1994,0.01919,1
65,1994,0.02027,1
66,1994,0.02207,1
67,1994,0.02386,1
68,1994,0.02574,1
69,1994,0.02793,1
70,1994,0.02954,1
71,1994,0.03221,1
72,1994,0.03489,1
73,1994,0.03845,1
74,1994,0.04184,1
75,1994,0.04628,1
76,1994,0.05171,1
77,1994,0.05394,1
78,1994,0.06476,1
79,1994,0.06819,1
80,1994,0.07594,1
81,1994,0.08548,1
82,1994,0.09603,1
83,1994,0.10696,1
84,1994,0.11847,1
85,1994,0.13155,1
86,1994,0.14728,1
87,1994,0.16065,1
88,1994,0.182,1
89,1994,0.19488,1
90,1994,0.21758,1
91,1994,0.23634,1
92,1994,0.25952,1
93,1994,0.29184,1
94,1994,0.31748,1
95,1994,0.3369,1
96,1994,0.3644,1
97,1994,0.39282,1
98,1994,0.42198,1
99,1994,0.45169,1
100,1994,0.48176,1
101,1994,0.51195,1
102,1994,0.54206,1
103,1994,0.57187,1
104,1994,0.60116,1
105,1994,0.62975,1
106,1994,0.65745,1
107,1994,0.68413,1
108,1994,0.70964,1
109,1994,0.73389,1
110,1994,NA,1
0,1995,0.00554,1
1,1995,0.00053,1
2,1995,0.00031,1
3,1995,0.00026,1
4,1995,0.00022,1
5,1995,0.00023,1
6,1995,0.00019,1
7,1995,0.00021,1
8,1995,0.00013,1
9,1995,0.00015,1
10,1995,0.00017,1
11,1995,0.00016,1
12,1995,2e-04,1
13,1995,0.00023,1
14,1995,3e-04,1
15,1995,0.00053,1
16,1995,0.00056,1
17,1995,0.00058,1
18,1995,0.00093,1
19,1995,0.00105,1
20,1995,0.00115,1
21,1995,0.00127,1
22,1995,0.00134,1
23,1995,0.00127,1
24,1995,0.00145,1
25,1995,0.00136,1
26,1995,0.00145,1
27,1995,0.00146,1
28,1995,0.00169,1
29,1995,0.00176,1
30,1995,0.00173,1
31,1995,0.00184,1
32,1995,0.00196,1
33,1995,0.00201,1
34,1995,0.00223,1
35,1995,0.00223,1
36,1995,0.00239,1
37,1995,0.0024,1
38,1995,0.00256,1
39,1995,0.00277,1
40,1995,0.00288,1
41,1995,0.00318,1
42,1995,0.00336,1
43,1995,0.0039,1
44,1995,0.00412,1
45,1995,0.00414,1
46,1995,0.00468,1
47,1995,0.0048,1
48,1995,0.00535,1
49,1995,0.00595,1
50,1995,0.00649,1
51,1995,0.00671,1
52,1995,0.00705,1
53,1995,0.00744,1
54,1995,0.00779,1
55,1995,0.00862,1
56,1995,0.00955,1
57,1995,0.01053,1
58,1995,0.01124,1
59,1995,0.01231,1
60,1995,0.01364,1
61,1995,0.01471,1
62,1995,0.01586,1
63,1995,0.01758,1
64,1995,0.01939,1
65,1995,0.02095,1
66,1995,0.02222,1
67,1995,0.02386,1
68,1995,0.02625,1
69,1995,0.02809,1
70,1995,0.03036,1
71,1995,0.03199,1
72,1995,0.03507,1
73,1995,0.03868,1
74,1995,0.04174,1
75,1995,0.0472,1
76,1995,0.04999,1
77,1995,0.05724,1
78,1995,0.06372,1
79,1995,0.07075,1
80,1995,0.07822,1
81,1995,0.08352,1
82,1995,0.09525,1
83,1995,0.10685,1
84,1995,0.11862,1
85,1995,0.13237,1
86,1995,0.14762,1
87,1995,0.16233,1
88,1995,0.1842,1
89,1995,0.19779,1
90,1995,0.21912,1
91,1995,0.24296,1
92,1995,0.26878,1
93,1995,0.29643,1
94,1995,0.31996,1
95,1995,0.34526,1
96,1995,0.37375,1
97,1995,0.40315,1
98,1995,0.43326,1
99,1995,0.46388,1
100,1995,0.49476,1
101,1995,0.52569,1
102,1995,0.55642,1
103,1995,0.58673,1
104,1995,0.61639,1
105,1995,0.64521,1
106,1995,0.67301,1
107,1995,0.69965,1
108,1995,0.72501,1
109,1995,0.74899,1
110,1995,NA,1
0,1996,0.00547,1
1,1996,0.00051,1
2,1996,0.00035,1
3,1996,0.00023,1
4,1996,2e-04,1
5,1996,0.00015,1
6,1996,0.00019,1
7,1996,0.00016,1
8,1996,0.00018,1
9,1996,0.00016,1
10,1996,0.00017,1
11,1996,0.00017,1
12,1996,0.00019,1
13,1996,0.00026,1
14,1996,0.00034,1
15,1996,0.00043,1
16,1996,0.00052,1
17,1996,0.00071,1
18,1996,0.00092,1
19,1996,0.00109,1
20,1996,0.00105,1
21,1996,0.00116,1
22,1996,0.00132,1
23,1996,0.00122,1
24,1996,0.00123,1
25,1996,0.0013,1
26,1996,0.00132,1
27,1996,0.00135,1
28,1996,0.00147,1
29,1996,0.00145,1
30,1996,0.0016,1
31,1996,0.00169,1
32,1996,0.0016,1
33,1996,0.00179,1
34,1996,0.00197,1
35,1996,0.00212,1
36,1996,0.00222,1
37,1996,0.00231,1
38,1996,0.00232,1
39,1996,0.00253,1
40,1996,0.00291,1
41,1996,0.00321,1
42,1996,0.00348,1
43,1996,0.00362,1
44,1996,0.00373,1
45,1996,0.00428,1
46,1996,0.00444,1
47,1996,0.00467,1
48,1996,0.00509,1
49,1996,0.00569,1
50,1996,0.00602,1
51,1996,0.0066,1
52,1996,0.00688,1
53,1996,0.0077,1
54,1996,0.00809,1
55,1996,0.00879,1
56,1996,0.00928,1
57,1996,0.01024,1
58,1996,0.01127,1
59,1996,0.01236,1
60,1996,0.01339,1
61,1996,0.01472,1
62,1996,0.01585,1
63,1996,0.01744,1
64,1996,0.01831,1
65,1996,0.02063,1
66,1996,0.02185,1
67,1996,0.02385,1
68,1996,0.02601,1
69,1996,0.02823,1
70,1996,0.02971,1
71,1996,0.03286,1
72,1996,0.03615,1
73,1996,0.03892,1
74,1996,0.0412,1
75,1996,0.0453,1
76,1996,0.05137,1
77,1996,0.05594,1
78,1996,0.0613,1
79,1996,0.06895,1
80,1996,0.08052,1
81,1996,0.08534,1
82,1996,0.0949,1
83,1996,0.10635,1
84,1996,0.11927,1
85,1996,0.13259,1
86,1996,0.14603,1
87,1996,0.16327,1
88,1996,0.18291,1
89,1996,0.19853,1
90,1996,0.21992,1
91,1996,0.24336,1
92,1996,0.26551,1
93,1996,0.30517,1
94,1996,0.32596,1
95,1996,0.34661,1
96,1996,0.3752,1
97,1996,0.40469,1
98,1996,0.43489,1
99,1996,0.46557,1
100,1996,0.49652,1
101,1996,0.52749,1
102,1996,0.55826,1
103,1996,0.58858,1
104,1996,0.61825,1
105,1996,0.64706,1
106,1996,0.67484,1
107,1996,0.70144,1
108,1996,0.72674,1
109,1996,0.75067,1
110,1996,NA,1
0,1997,0.00535,1
1,1997,0.00049,1
2,1997,0.00031,1
3,1997,0.00022,1
4,1997,2e-04,1
5,1997,0.00019,1
6,1997,0.00018,1
7,1997,0.00016,1
8,1997,0.00014,1
9,1997,0.00017,1
10,1997,0.00014,1
11,1997,0.00014,1
12,1997,0.00018,1
13,1997,0.00023,1
14,1997,0.00033,1
15,1997,0.00042,1
16,1997,0.00055,1
17,1997,0.00066,1
18,1997,0.00091,1
19,1997,0.00107,1
20,1997,0.00104,1
21,1997,0.0012,1
22,1997,0.00115,1
23,1997,0.00124,1
24,1997,0.00123,1
25,1997,0.00118,1
26,1997,0.00124,1
27,1997,0.0013,1
28,1997,0.00121,1
29,1997,0.00131,1
30,1997,0.00139,1
31,1997,0.00142,1
32,1997,0.0015,1
33,1997,0.00146,1
34,1997,0.00163,1
35,1997,0.00179,1
36,1997,0.00191,1
37,1997,0.00206,1
38,1997,0.00223,1
39,1997,0.00248,1
40,1997,0.00253,1
41,1997,0.00293,1
42,1997,0.00321,1
43,1997,0.00353,1
44,1997,0.00373,1
45,1997,0.004,1
46,1997,0.00439,1
47,1997,0.00477,1
48,1997,0.00508,1
49,1997,0.00568,1
50,1997,0.00595,1
51,1997,0.00626,1
52,1997,0.00673,1
53,1997,0.00747,1
54,1997,0.00783,1
55,1997,0.00845,1
56,1997,0.00922,1
57,1997,0.00964,1
58,1997,0.01096,1
59,1997,0.01196,1
60,1997,0.0126,1
61,1997,0.01395,1
62,1997,0.01535,1
63,1997,0.01678,1
64,1997,0.01805,1
65,1997,0.01944,1
66,1997,0.02086,1
67,1997,0.02358,1
68,1997,0.02467,1
69,1997,0.0273,1
70,1997,0.02977,1
71,1997,0.03232,1
72,1997,0.03524,1
73,1997,0.03833,1
74,1997,0.04089,1
75,1997,0.04527,1
76,1997,0.04874,1
77,1997,0.05398,1
78,1997,0.06109,1
79,1997,0.06683,1
80,1997,0.07516,1
81,1997,0.08545,1
82,1997,0.09359,1
83,1997,0.10323,1
84,1997,0.11371,1
85,1997,0.12762,1
86,1997,0.14205,1
87,1997,0.15798,1
88,1997,0.17759,1
89,1997,0.20181,1
90,1997,0.21734,1
91,1997,0.24763,1
92,1997,0.26678,1
93,1997,0.28384,1
94,1997,0.33122,1
95,1997,0.34409,1
96,1997,0.37304,1
97,1997,0.40293,1
98,1997,0.43356,1
99,1997,0.46471,1
100,1997,0.49613,1
101,1997,0.52759,1
102,1997,0.55882,1
103,1997,0.5896,1
104,1997,0.61969,1
105,1997,0.64889,1
106,1997,0.67702,1
107,1997,0.70392,1
108,1997,0.72948,1
109,1997,0.7536,1
110,1997,NA,1
0,1998,0.0052,1
1,1998,0.00039,1
2,1998,0.00031,1
3,1998,0.00024,1
4,1998,0.00018,1
5,1998,2e-04,1
6,1998,0.00014,1
7,1998,0.00013,1
8,1998,0.00013,1
9,1998,0.00016,1
10,1998,0.00012,1
11,1998,0.00015,1
12,1998,0.00016,1
13,1998,0.00019,1
14,1998,0.00025,1
15,1998,0.00035,1
16,1998,0.00045,1
17,1998,0.00066,1
18,1998,0.00092,1
19,1998,0.00104,1
20,1998,0.00103,1
21,1998,0.00121,1
22,1998,0.00122,1
23,1998,0.0011,1
24,1998,0.00117,1
25,1998,0.00119,1
26,1998,0.00114,1
27,1998,0.0012,1
28,1998,0.00116,1
29,1998,0.00125,1
30,1998,0.00134,1
31,1998,0.00134,1
32,1998,0.00132,1
33,1998,0.00143,1
34,1998,0.00156,1
35,1998,0.00157,1
36,1998,0.00185,1
37,1998,0.00194,1
38,1998,0.00229,1
39,1998,0.00233,1
40,1998,0.00258,1
41,1998,0.00277,1
42,1998,0.00327,1
43,1998,0.00341,1
44,1998,0.00358,1
45,1998,0.00417,1
46,1998,0.00435,1
47,1998,0.00489,1
48,1998,0.00511,1
49,1998,0.00545,1
50,1998,0.00593,1
51,1998,0.00626,1
52,1998,0.00703,1
53,1998,0.00703,1
54,1998,0.00791,1
55,1998,0.00825,1
56,1998,0.00855,1
57,1998,0.0101,1
58,1998,0.01022,1
59,1998,0.01162,1
60,1998,0.01292,1
61,1998,0.01357,1
62,1998,0.01471,1
63,1998,0.01606,1
64,1998,0.01772,1
65,1998,0.01893,1
66,1998,0.02049,1
67,1998,0.02252,1
68,1998,0.02423,1
69,1998,0.02695,1
70,1998,0.02942,1
71,1998,0.03237,1
72,1998,0.03474,1
73,1998,0.03691,1
74,1998,0.04097,1
75,1998,0.04506,1
76,1998,0.04888,1
77,1998,0.05396,1
78,1998,0.06014,1
79,1998,0.06446,1
80,1998,0.07435,1
81,1998,0.08498,1
82,1998,0.09555,1
83,1998,0.10569,1
84,1998,0.11502,1
85,1998,0.12945,1
86,1998,0.14496,1
87,1998,0.15922,1
88,1998,0.17941,1
89,1998,0.19799,1
90,1998,0.2114,1
91,1998,0.2402,1
92,1998,0.27066,1
93,1998,0.27821,1
94,1998,0.32227,1
95,1998,0.33819,1
96,1998,0.36618,1
97,1998,0.3951,1
98,1998,0.42478,1
99,1998,0.45501,1
100,1998,0.48558,1
101,1998,0.51625,1
102,1998,0.54681,1
103,1998,0.57701,1
104,1998,0.60665,1
105,1998,0.63552,1
106,1998,0.66345,1
107,1998,0.69029,1
108,1998,0.7159,1
109,1998,0.74019,1
110,1998,NA,1
0,1999,0.00497,1
1,1999,0.00045,1
2,1999,0.00025,1
3,1999,0.00026,1
4,1999,0.00015,1
5,1999,0.00017,1
6,1999,0.00016,1
7,1999,0.00012,1
8,1999,0.00015,1
9,1999,0.00011,1
10,1999,0.00014,1
11,1999,0.00013,1
12,1999,0.00016,1
13,1999,0.00018,1
14,1999,0.00028,1
15,1999,0.00035,1
16,1999,0.00053,1
17,1999,0.00069,1
18,1999,0.00099,1
19,1999,0.00102,1
20,1999,0.00115,1
21,1999,0.00111,1
22,1999,0.00113,1
23,1999,0.00117,1
24,1999,0.00113,1
25,1999,0.00117,1
26,1999,0.00118,1
27,1999,0.00112,1
28,1999,0.00113,1
29,1999,0.00115,1
30,1999,0.00122,1
31,1999,0.00129,1
32,1999,0.0013,1
33,1999,0.00137,1
34,1999,0.00142,1
35,1999,0.00151,1
36,1999,0.00164,1
37,1999,0.00198,1
38,1999,0.002,1
39,1999,0.00217,1
40,1999,0.00246,1
41,1999,0.00267,1
42,1999,0.00313,1
43,1999,0.00345,1
44,1999,0.00387,1
45,1999,0.00403,1
46,1999,0.00441,1
47,1999,0.00463,1
48,1999,0.00513,1
49,1999,0.00546,1
50,1999,0.006,1
51,1999,0.00626,1
52,1999,0.00676,1
53,1999,0.00719,1
54,1999,0.00787,1
55,1999,0.00853,1
56,1999,0.00908,1
57,1999,0.00967,1
58,1999,0.00977,1
59,1999,0.01089,1
60,1999,0.01216,1
61,1999,0.01324,1
62,1999,0.0139,1
63,1999,0.01581,1
64,1999,0.01666,1
65,1999,0.01865,1
66,1999,0.02018,1
67,1999,0.02235,1
68,1999,0.02441,1
69,1999,0.02588,1
70,1999,0.02874,1
71,1999,0.03159,1
72,1999,0.03463,1
73,1999,0.03665,1
74,1999,0.03984,1
75,1999,0.04361,1
76,1999,0.04881,1
77,1999,0.0534,1
78,1999,0.05905,1
79,1999,0.06535,1
80,1999,0.07236,1
81,1999,0.0812,1
82,1999,0.09124,1
83,1999,0.10538,1
84,1999,0.11516,1
85,1999,0.12678,1
86,1999,0.14314,1
87,1999,0.1592,1
88,1999,0.18044,1
89,1999,0.19447,1
90,1999,0.21904,1
91,1999,0.2416,1
92,1999,0.26217,1
93,1999,0.29543,1
94,1999,0.31406,1
95,1999,0.34576,1
96,1999,0.37516,1
97,1999,0.40551,1
98,1999,0.4366,1
99,1999,0.4682,1
100,1999,0.50005,1
101,1999,0.5319,1
102,1999,0.5635,1
103,1999,0.59458,1
104,1999,0.62493,1
105,1999,0.65433,1
106,1999,0.68259,1
107,1999,0.70956,1
108,1999,0.73514,1
109,1999,0.75923,1
110,1999,NA,1
0,2000,0.00523,1
1,2000,0.00042,1
2,2000,0.00026,1
3,2000,0.00022,1
4,2000,0.00018,1
5,2000,0.00015,1
6,2000,0.00014,1
7,2000,0.00016,1
8,2000,0.00013,1
9,2000,0.00014,1
10,2000,0.00011,1
11,2000,0.00014,1
12,2000,0.00019,1
13,2000,0.00018,1
14,2000,0.00032,1
15,2000,0.00037,1
16,2000,0.00047,1
17,2000,0.00058,1
18,2000,0.00088,1
19,2000,0.00104,1
20,2000,0.00101,1
21,2000,0.00106,1
22,2000,0.00106,1
23,2000,0.00103,1
24,2000,0.00108,1
25,2000,0.00104,1
26,2000,0.00108,1
27,2000,0.00109,1
28,2000,0.00115,1
29,2000,0.00122,1
30,2000,0.00109,1
31,2000,0.00126,1
32,2000,0.0013,1
33,2000,0.00138,1
34,2000,0.00138,1
35,2000,0.00161,1
36,2000,0.0017,1
37,2000,0.00181,1
38,2000,0.00185,1
39,2000,0.00217,1
40,2000,0.0024,1
41,2000,0.00259,1
42,2000,0.00308,1
43,2000,0.00336,1
44,2000,0.00379,1
45,2000,0.00401,1
46,2000,0.00437,1
47,2000,0.00471,1
48,2000,0.00512,1
49,2000,0.00531,1
50,2000,0.00591,1
51,2000,0.00616,1
52,2000,0.00682,1
53,2000,0.00712,1
54,2000,0.00745,1
55,2000,0.0086,1
56,2000,0.00898,1
57,2000,0.00939,1
58,2000,0.00955,1
59,2000,0.01082,1
60,2000,0.01162,1
61,2000,0.01238,1
62,2000,0.01416,1
63,2000,0.01482,1
64,2000,0.01638,1
65,2000,0.0178,1
66,2000,0.02004,1
67,2000,0.02106,1
68,2000,0.02337,1
69,2000,0.02543,1
70,2000,0.02746,1
71,2000,0.02981,1
72,2000,0.03345,1
73,2000,0.03555,1
74,2000,0.03928,1
75,2000,0.04295,1
76,2000,0.04745,1
77,2000,0.05197,1
78,2000,0.05651,1
79,2000,0.0619,1
80,2000,0.07193,1
81,2000,0.08122,1
82,2000,0.09004,1
83,2000,0.10169,1
84,2000,0.11436,1
85,2000,0.12471,1
86,2000,0.13738,1
87,2000,0.1504,1
88,2000,0.17058,1
89,2000,0.18842,1
90,2000,0.21303,1
91,2000,0.23712,1
92,2000,0.25682,1
93,2000,0.28886,1
94,2000,0.30952,1
95,2000,0.33412,1
96,2000,0.36253,1
97,2000,0.39193,1
98,2000,0.42214,1
99,2000,0.45295,1
100,2000,0.48412,1
101,2000,0.51541,1
102,2000,0.54658,1
103,2000,0.5774,1
104,2000,0.60762,1
105,2000,0.63704,1
106,2000,0.66546,1
107,2000,0.69274,1
108,2000,0.71873,1
109,2000,0.74334,1
110,2000,NA,1
0,2001,0.00506,1
1,2001,0.00043,1
2,2001,0.00032,1
3,2001,0.00022,1
4,2001,0.00019,1
5,2001,0.00015,1
6,2001,0.00015,1
7,2001,0.00014,1
8,2001,0.00012,1
9,2001,0.00013,1
10,2001,0.00012,1
11,2001,0.00013,1
12,2001,0.00019,1
13,2001,0.00018,1
14,2001,0.00029,1
15,2001,0.00038,1
16,2001,0.00052,1
17,2001,0.00061,1
18,2001,0.00098,1
19,2001,0.0011,1
20,2001,0.00106,1
21,2001,0.00102,1
22,2001,0.00112,1
23,2001,0.00098,1
24,2001,0.00104,1
25,2001,0.00114,1
26,2001,0.00105,1
27,2001,0.00116,1
28,2001,0.00107,1
29,2001,0.00113,1
30,2001,0.0012,1
31,2001,0.00117,1
32,2001,0.00118,1
33,2001,0.00135,1
34,2001,0.00143,1
35,2001,0.00158,1
36,2001,0.00166,1
37,2001,0.00182,1
38,2001,0.00208,1
39,2001,0.00215,1
40,2001,0.00235,1
41,2001,0.00276,1
42,2001,0.00292,1
43,2001,0.00312,1
44,2001,0.00361,1
45,2001,0.00416,1
46,2001,0.00454,1
47,2001,0.00471,1
48,2001,0.00522,1
49,2001,0.00532,1
50,2001,0.00572,1
51,2001,0.00633,1
52,2001,0.00654,1
53,2001,0.00721,1
54,2001,0.00751,1
55,2001,0.00812,1
56,2001,0.00873,1
57,2001,0.00939,1
58,2001,0.00992,1
59,2001,0.01055,1
60,2001,0.01156,1
61,2001,0.01265,1
62,2001,0.01338,1
63,2001,0.01426,1
64,2001,0.01594,1
65,2001,0.01709,1
66,2001,0.01897,1
67,2001,0.0203,1
68,2001,0.02239,1
69,2001,0.02455,1
70,2001,0.02599,1
71,2001,0.02955,1
72,2001,0.03263,1
73,2001,0.03435,1
74,2001,0.03811,1
75,2001,0.04153,1
76,2001,0.04564,1
77,2001,0.05123,1
78,2001,0.05592,1
79,2001,0.06066,1
80,2001,0.07056,1
81,2001,0.07901,1
82,2001,0.08991,1
83,2001,0.09825,1
84,2001,0.1108,1
85,2001,0.12178,1
86,2001,0.13605,1
87,2001,0.14973,1
88,2001,0.16981,1
89,2001,0.18542,1
90,2001,0.20871,1
91,2001,0.2323,1
92,2001,0.25005,1
93,2001,0.27956,1
94,2001,0.30953,1
95,2001,0.32962,1
96,2001,0.35783,1
97,2001,0.38706,1
98,2001,0.41712,1
99,2001,0.44781,1
100,2001,0.47891,1
101,2001,0.51017,1
102,2001,0.54135,1
103,2001,0.57221,1
104,2001,0.60252,1
105,2001,0.63206,1
106,2001,0.66065,1
107,2001,0.68811,1
108,2001,0.7143,1
109,2001,0.73914,1
110,2001,NA,1
0,2002,0.0046,1
1,2002,4e-04,1
2,2002,3e-04,1
3,2002,0.00021,1
4,2002,0.00015,1
5,2002,0.00013,1
6,2002,0.00015,1
7,2002,0.00014,1
8,2002,0.00013,1
9,2002,0.00015,1
10,2002,1e-04,1
11,2002,0.00011,1
12,2002,0.00013,1
13,2002,0.00022,1
14,2002,0.00021,1
15,2002,3e-04,1
16,2002,0.00046,1
17,2002,0.00058,1
18,2002,0.00089,1
19,2002,0.00088,1
20,2002,0.00108,1
21,2002,0.001,1
22,2002,0.00104,1
23,2002,0.00104,1
24,2002,0.00097,1
25,2002,0.00108,1
26,2002,0.00108,1
27,2002,0.00111,1
28,2002,0.00113,1
29,2002,0.0011,1
30,2002,0.00114,1
31,2002,0.00116,1
32,2002,0.00129,1
33,2002,0.00125,1
34,2002,0.00131,1
35,2002,0.00145,1
36,2002,0.00165,1
37,2002,0.00177,1
38,2002,0.00193,1
39,2002,0.00203,1
40,2002,0.00229,1
41,2002,0.00248,1
42,2002,0.00289,1
43,2002,0.00323,1
44,2002,0.00333,1
45,2002,0.00384,1
46,2002,0.00428,1
47,2002,0.00482,1
48,2002,0.00496,1
49,2002,0.00535,1
50,2002,0.00582,1
51,2002,0.00628,1
52,2002,0.00659,1
53,2002,0.00735,1
54,2002,0.00758,1
55,2002,0.00821,1
56,2002,0.00871,1
57,2002,0.00942,1
58,2002,0.00985,1
59,2002,0.01099,1
60,2002,0.01128,1
61,2002,0.01209,1
62,2002,0.01297,1
63,2002,0.01422,1
64,2002,0.01542,1
65,2002,0.0167,1
66,2002,0.01827,1
67,2002,0.02,1
68,2002,0.02198,1
69,2002,0.02376,1
70,2002,0.02619,1
71,2002,0.02833,1
72,2002,0.03131,1
73,2002,0.03407,1
74,2002,0.03732,1
75,2002,0.04056,1
76,2002,0.04492,1
77,2002,0.05001,1
78,2002,0.05574,1
79,2002,0.05975,1
80,2002,0.07021,1
81,2002,0.07622,1
82,2002,0.08562,1
83,2002,0.09537,1
84,2002,0.10778,1
85,2002,0.12015,1
86,2002,0.1375,1
87,2002,0.15038,1
88,2002,0.16597,1
89,2002,0.18328,1
90,2002,0.20908,1
91,2002,0.2284,1
92,2002,0.26395,1
93,2002,0.27908,1
94,2002,0.30354,1
95,2002,0.33109,1
96,2002,0.35991,1
97,2002,0.38977,1
98,2002,0.42049,1
99,2002,0.45183,1
100,2002,0.48356,1
101,2002,0.51542,1
102,2002,0.54715,1
103,2002,0.57851,1
104,2002,0.60925,1
105,2002,0.63914,1
106,2002,0.66799,1
107,2002,0.69564,1
108,2002,0.72194,1
109,2002,0.74679,1
110,2002,NA,1
0,2003,0.00461,1
1,2003,4e-04,1
2,2003,0.00028,1
3,2003,0.00019,1
4,2003,0.00019,1
5,2003,0.00014,1
6,2003,0.00014,1
7,2003,0.00012,1
8,2003,9e-05,1
9,2003,0.00011,1
10,2003,0.00014,1
11,2003,0.00013,1
12,2003,0.00016,1
13,2003,0.00019,1
14,2003,0.00025,1
15,2003,0.00027,1
16,2003,0.00047,1
17,2003,0.00051,1
18,2003,0.00072,1
19,2003,0.00087,1
20,2003,0.001,1
21,2003,9e-04,1
22,2003,0.00101,1
23,2003,0.00105,1
24,2003,0.00087,1
25,2003,0.00085,1
26,2003,0.00099,1
27,2003,0.001,1
28,2003,0.001,1
29,2003,0.00099,1
30,2003,0.00111,1
31,2003,0.00114,1
32,2003,0.00118,1
33,2003,0.00126,1
34,2003,0.00137,1
35,2003,0.00147,1
36,2003,0.00157,1
37,2003,0.00166,1
38,2003,0.00192,1
39,2003,0.00205,1
40,2003,0.00218,1
41,2003,0.0024,1
42,2003,0.00262,1
43,2003,0.00303,1
44,2003,0.00332,1
45,2003,0.00375,1
46,2003,0.00427,1
47,2003,0.0046,1
48,2003,0.00505,1
49,2003,0.00535,1
50,2003,0.00594,1
51,2003,0.00632,1
52,2003,0.00679,1
53,2003,0.00705,1
54,2003,0.00761,1
55,2003,0.00817,1
56,2003,0.00895,1
57,2003,0.00944,1
58,2003,0.00995,1
59,2003,0.01086,1
60,2003,0.01158,1
61,2003,0.01147,1
62,2003,0.01377,1
63,2003,0.01384,1
64,2003,0.01521,1
65,2003,0.01658,1
66,2003,0.01744,1
67,2003,0.01934,1
68,2003,0.02107,1
69,2003,0.02373,1
70,2003,0.02501,1
71,2003,0.02803,1
72,2003,0.03088,1
73,2003,0.033,1
74,2003,0.03721,1
75,2003,0.04189,1
76,2003,0.04584,1
77,2003,0.05051,1
78,2003,0.05452,1
79,2003,0.06009,1
80,2003,0.0709,1
81,2003,0.07788,1
82,2003,0.086,1
83,2003,0.09917,1
84,2003,0.10781,1
85,2003,0.12278,1
86,2003,0.1348,1
87,2003,0.15132,1
88,2003,0.17186,1
89,2003,0.19176,1
90,2003,0.21581,1
91,2003,0.23865,1
92,2003,0.26028,1
93,2003,0.29365,1
94,2003,0.30502,1
95,2003,0.34339,1
96,2003,0.37342,1
97,2003,0.40446,1
98,2003,0.43628,1
99,2003,0.46864,1
100,2003,0.50126,1
101,2003,0.53387,1
102,2003,0.5662,1
103,2003,0.59797,1
104,2003,0.62894,1
105,2003,0.65888,1
106,2003,0.68761,1
107,2003,0.71497,1
108,2003,0.74083,1
109,2003,0.76512,1
110,2003,NA,1
0,2004,0.00445,1
1,2004,0.00038,1
2,2004,0.00025,1
3,2004,0.00022,1
4,2004,0.00015,1
5,2004,0.00011,1
6,2004,0.00012,1
7,2004,9e-05,1
8,2004,1e-04,1
9,2004,8e-05,1
10,2004,1e-04,1
11,2004,9e-05,1
12,2004,0.00013,1
13,2004,0.00017,1
14,2004,2e-04,1
15,2004,0.00028,1
16,2004,0.00037,1
17,2004,0.00048,1
18,2004,0.00073,1
19,2004,0.00082,1
20,2004,0.00089,1
21,2004,9e-04,1
22,2004,0.00092,1
23,2004,0.00089,1
24,2004,9e-04,1
25,2004,0.00087,1
26,2004,0.00091,1
27,2004,0.00088,1
28,2004,9e-04,1
29,2004,0.00093,1
30,2004,0.00104,1
31,2004,0.00107,1
32,2004,0.00098,1
33,2004,0.00122,1
34,2004,0.00121,1
35,2004,0.0014,1
36,2004,0.00144,1
37,2004,0.00154,1
38,2004,0.00172,1
39,2004,0.00188,1
40,2004,0.00199,1
41,2004,0.00225,1
42,2004,0.00253,1
43,2004,0.00291,1
44,2004,0.00321,1
45,2004,0.00341,1
46,2004,0.0039,1
47,2004,0.00421,1
48,2004,0.00481,1
49,2004,0.00506,1
50,2004,0.00563,1
51,2004,0.00614,1
52,2004,0.00615,1
53,2004,0.00681,1
54,2004,0.00722,1
55,2004,0.00756,1
56,2004,0.00801,1
57,2004,0.00884,1
58,2004,0.00942,1
59,2004,0.01043,1
60,2004,0.01078,1
61,2004,0.01144,1
62,2004,0.01239,1
63,2004,0.01345,1
64,2004,0.01406,1
65,2004,0.01534,1
66,2004,0.01686,1
67,2004,0.01763,1
68,2004,0.01948,1
69,2004,0.02114,1
70,2004,0.02359,1
71,2004,0.02547,1
72,2004,0.02773,1
73,2004,0.03143,1
74,2004,0.03492,1
75,2004,0.03723,1
76,2004,0.04234,1
77,2004,0.047,1
78,2004,0.05062,1
79,2004,0.05714,1
80,2004,0.06519,1
81,2004,0.07133,1
82,2004,0.07957,1
83,2004,0.08799,1
84,2004,0.10004,1
85,2004,0.11008,1
86,2004,0.12508,1
87,2004,0.13908,1
88,2004,0.16029,1
89,2004,0.17402,1
90,2004,0.19212,1
91,2004,0.21224,1
92,2004,0.23327,1
93,2004,0.24974,1
94,2004,0.29127,1
95,2004,0.30861,1
96,2004,0.3361,1
97,2004,0.36474,1
98,2004,0.39437,1
99,2004,0.42481,1
100,2004,0.45582,1
101,2004,0.48718,1
102,2004,0.51864,1
103,2004,0.54995,1
104,2004,0.58087,1
105,2004,0.61117,1
106,2004,0.64064,1
107,2004,0.66908,1
108,2004,0.69634,1
109,2004,0.72228,1
110,2004,NA,1
0,2005,0.00412,1
1,2005,0.00034,1
2,2005,0.00022,1
3,2005,0.00016,1
4,2005,0.00014,1
5,2005,0.00012,1
6,2005,0.00012,1
7,2005,0.00012,1
8,2005,0.00011,1
9,2005,9e-05,1
10,2005,9e-05,1
11,2005,0.00012,1
12,2005,0.00012,1
13,2005,0.00014,1
14,2005,0.00017,1
15,2005,0.00028,1
16,2005,0.00041,1
17,2005,5e-04,1
18,2005,0.00069,1
19,2005,0.00078,1
20,2005,0.00082,1
21,2005,0.00081,1
22,2005,0.00089,1
23,2005,0.00099,1
24,2005,0.00092,1
25,2005,9e-04,1
26,2005,0.00095,1
27,2005,0.00082,1
28,2005,0.00087,1
29,2005,0.00093,1
30,2005,0.001,1
31,2005,0.00109,1
32,2005,0.00109,1
33,2005,0.00114,1
34,2005,0.00124,1
35,2005,0.00122,1
36,2005,0.00149,1
37,2005,0.00145,1
38,2005,0.00166,1
39,2005,0.00178,1
40,2005,0.00211,1
41,2005,0.00217,1
42,2005,0.00233,1
43,2005,0.0025,1
44,2005,0.00308,1
45,2005,0.00339,1
46,2005,0.00371,1
47,2005,0.00424,1
48,2005,0.00478,1
49,2005,0.0053,1
50,2005,0.00576,1
51,2005,0.00591,1
52,2005,0.00624,1
53,2005,0.00685,1
54,2005,0.00731,1
55,2005,0.00767,1
56,2005,0.00824,1
57,2005,0.00905,1
58,2005,0.00969,1
59,2005,0.01029,1
60,2005,0.01098,1
61,2005,0.01131,1
62,2005,0.01222,1
63,2005,0.013,1
64,2005,0.0143,1
65,2005,0.01542,1
66,2005,0.01654,1
67,2005,0.01767,1
68,2005,0.01925,1
69,2005,0.02154,1
70,2005,0.02262,1
71,2005,0.02628,1
72,2005,0.02844,1
73,2005,0.03085,1
74,2005,0.03491,1
75,2005,0.03696,1
76,2005,0.04096,1
77,2005,0.04577,1
78,2005,0.05128,1
79,2005,0.05622,1
80,2005,0.06458,1
81,2005,0.07289,1
82,2005,0.08124,1
83,2005,0.09083,1
84,2005,0.10003,1
85,2005,0.11302,1
86,2005,0.12755,1
87,2005,0.13964,1
88,2005,0.15952,1
89,2005,0.17482,1
90,2005,0.19824,1
91,2005,0.21992,1
92,2005,0.23567,1
93,2005,0.26785,1
94,2005,0.29818,1
95,2005,0.3185,1
96,2005,0.34702,1
97,2005,0.37669,1
98,2005,0.40731,1
99,2005,0.43867,1
100,2005,0.47053,1
101,2005,0.50263,1
102,2005,0.53471,1
103,2005,0.5665,1
104,2005,0.59775,1
105,2005,0.62823,1
106,2005,0.65773,1
107,2005,0.68605,1
108,2005,0.71305,1
109,2005,0.73861,1
110,2005,NA,1
0,2006,0.00429,1
1,2006,0.00037,1
2,2006,0.00023,1
3,2006,0.00016,1
4,2006,0.00012,1
5,2006,0.00011,1
6,2006,0.00011,1
7,2006,1e-04,1
8,2006,8e-05,1
9,2006,9e-05,1
10,2006,1e-04,1
11,2006,0.00011,1
12,2006,0.00014,1
13,2006,0.00016,1
14,2006,0.00022,1
15,2006,0.00028,1
16,2006,0.00033,1
17,2006,0.00052,1
18,2006,6e-04,1
19,2006,0.00073,1
20,2006,0.00073,1
21,2006,0.00072,1
22,2006,0.00073,1
23,2006,0.00085,1
24,2006,0.00088,1
25,2006,0.00079,1
26,2006,0.00088,1
27,2006,0.00086,1
28,2006,0.00087,1
29,2006,9e-04,1
30,2006,9e-04,1
31,2006,0.00104,1
32,2006,0.00103,1
33,2006,0.00109,1
34,2006,0.00122,1
35,2006,0.00124,1
36,2006,0.00151,1
37,2006,0.00145,1
38,2006,0.00163,1
39,2006,0.00165,1
40,2006,0.00198,1
41,2006,0.0021,1
42,2006,0.00232,1
43,2006,0.00249,1
44,2006,0.00296,1
45,2006,0.00325,1
46,2006,0.00373,1
47,2006,0.00409,1
48,2006,0.00436,1
49,2006,0.00484,1
50,2006,0.00553,1
51,2006,0.00623,1
52,2006,0.00626,1
53,2006,0.00684,1
54,2006,0.0072,1
55,2006,0.00769,1
56,2006,0.0084,1
57,2006,0.00869,1
58,2006,0.00927,1
59,2006,0.00991,1
60,2006,0.01063,1
61,2006,0.01121,1
62,2006,0.01208,1
63,2006,0.01297,1
64,2006,0.01374,1
65,2006,0.01491,1
66,2006,0.01559,1
67,2006,0.01743,1
68,2006,0.01889,1
69,2006,0.0202,1
70,2006,0.0219,1
71,2006,0.02411,1
72,2006,0.02692,1
73,2006,0.02943,1
74,2006,0.03188,1
75,2006,0.03506,1
76,2006,0.04014,1
77,2006,0.04308,1
78,2006,0.04823,1
79,2006,0.05388,1
80,2006,0.06297,1
81,2006,0.06812,1
82,2006,0.07608,1
83,2006,0.08603,1
84,2006,0.09449,1
85,2006,0.10724,1
86,2006,0.12179,1
87,2006,0.13227,1
88,2006,0.14811,1
89,2006,0.16743,1
90,2006,0.18937,1
91,2006,0.20788,1
92,2006,0.23116,1
93,2006,0.25495,1
94,2006,0.28069,1
95,2006,0.30411,1
96,2006,0.33181,1
97,2006,0.36074,1
98,2006,0.3907,1
99,2006,0.42152,1
100,2006,0.45296,1
101,2006,0.48478,1
102,2006,0.51673,1
103,2006,0.54853,1
104,2006,0.57995,1
105,2006,0.61073,1
106,2006,0.64065,1
107,2006,0.66952,1
108,2006,0.69717,1
109,2006,0.72346,1
110,2006,NA,1
0,2007,0.00422,1
1,2007,0.00035,1
2,2007,0.00024,1
3,2007,0.00016,1
4,2007,0.00013,1
5,2007,8e-05,1
6,2007,9e-05,1
7,2007,1e-04,1
8,2007,1e-04,1
9,2007,9e-05,1
10,2007,7e-05,1
11,2007,9e-05,1
12,2007,0.00012,1
13,2007,0.00014,1
14,2007,0.00018,1
15,2007,0.00026,1
16,2007,3e-04,1
17,2007,0.00049,1
18,2007,0.00063,1
19,2007,0.00063,1
20,2007,0.00082,1
21,2007,0.00081,1
22,2007,8e-04,1
23,2007,0.00085,1
24,2007,0.00078,1
25,2007,0.00091,1
26,2007,0.00092,1
27,2007,0.00089,1
28,2007,0.00087,1
29,2007,0.00086,1
30,2007,0.00088,1
31,2007,9e-04,1
32,2007,0.00105,1
33,2007,0.00101,1
34,2007,0.0011,1
35,2007,0.00122,1
36,2007,0.00138,1
37,2007,0.00147,1
38,2007,0.00157,1
39,2007,0.00155,1
40,2007,0.00183,1
41,2007,0.00207,1
42,2007,0.00229,1
43,2007,0.00238,1
44,2007,0.00269,1
45,2007,0.00324,1
46,2007,0.00338,1
47,2007,0.00378,1
48,2007,0.00406,1
49,2007,0.00499,1
50,2007,0.00509,1
51,2007,0.00575,1
52,2007,0.00638,1
53,2007,0.00674,1
54,2007,0.00723,1
55,2007,0.00785,1
56,2007,0.00802,1
57,2007,0.009,1
58,2007,0.00928,1
59,2007,0.00971,1
60,2007,0.01061,1
61,2007,0.01101,1
62,2007,0.01203,1
63,2007,0.01286,1
64,2007,0.01371,1
65,2007,0.01446,1
66,2007,0.01559,1
67,2007,0.01672,1
68,2007,0.01911,1
69,2007,0.01969,1
70,2007,0.02138,1
71,2007,0.02341,1
72,2007,0.0254,1
73,2007,0.0279,1
74,2007,0.03103,1
75,2007,0.03421,1
76,2007,0.03772,1
77,2007,0.04262,1
78,2007,0.04834,1
79,2007,0.05261,1
80,2007,0.06106,1
81,2007,0.06787,1
82,2007,0.07525,1
83,2007,0.08402,1
84,2007,0.09482,1
85,2007,0.10415,1
86,2007,0.11881,1
87,2007,0.13493,1
88,2007,0.14606,1
89,2007,0.17119,1
90,2007,0.19144,1
91,2007,0.21664,1
92,2007,0.22585,1
93,2007,0.25288,1
94,2007,0.27989,1
95,2007,0.30519,1
96,2007,0.33333,1
97,2007,0.36271,1
98,2007,0.39315,1
99,2007,0.42445,1
100,2007,0.45637,1
101,2007,0.48864,1
102,2007,0.52102,1
103,2007,0.55321,1
104,2007,0.58497,1
105,2007,0.61604,1
106,2007,0.64619,1
107,2007,0.67521,1
108,2007,0.70296,1
109,2007,0.72928,1
110,2007,NA,1
0,2008,0.00404,1
1,2008,0.00035,1
2,2008,0.00018,1
3,2008,0.00018,1
4,2008,0.00015,1
5,2008,0.00012,1
6,2008,1e-04,1
7,2008,7e-05,1
8,2008,9e-05,1
9,2008,7e-05,1
10,2008,9e-05,1
11,2008,0.00011,1
12,2008,1e-04,1
13,2008,0.00011,1
14,2008,0.00018,1
15,2008,0.00022,1
16,2008,0.00034,1
17,2008,0.00038,1
18,2008,0.00061,1
19,2008,0.00062,1
20,2008,0.00072,1
21,2008,0.00079,1
22,2008,8e-04,1
23,2008,0.00086,1
24,2008,0.00087,1
25,2008,0.00087,1
26,2008,0.00088,1
27,2008,0.00092,1
28,2008,0.00089,1
29,2008,9e-04,1
30,2008,0.00085,1
31,2008,0.00088,1
32,2008,0.00096,1
33,2008,0.001,1
34,2008,0.00109,1
35,2008,0.00109,1
36,2008,0.00137,1
37,2008,0.00136,1
38,2008,0.00148,1
39,2008,0.00164,1
40,2008,0.00178,1
41,2008,0.00203,1
42,2008,0.00219,1
43,2008,0.00234,1
44,2008,0.00274,1
45,2008,0.00268,1
46,2008,0.00343,1
47,2008,0.00365,1
48,2008,0.00418,1
49,2008,0.00469,1
50,2008,0.00513,1
51,2008,0.00574,1
52,2008,0.00608,1
53,2008,0.00658,1
54,2008,0.00686,1
55,2008,0.00776,1
56,2008,0.00839,1
57,2008,0.00847,1
58,2008,0.00916,1
59,2008,0.00956,1
60,2008,0.01046,1
61,2008,0.01119,1
62,2008,0.01177,1
63,2008,0.01292,1
64,2008,0.01373,1
65,2008,0.01466,1
66,2008,0.01542,1
67,2008,0.01615,1
68,2008,0.01751,1
69,2008,0.01883,1
70,2008,0.02055,1
71,2008,0.02303,1
72,2008,0.02553,1
73,2008,0.02747,1
74,2008,0.03052,1
75,2008,0.03463,1
76,2008,0.03702,1
77,2008,0.04137,1
78,2008,0.04626,1
79,2008,0.05205,1
80,2008,0.05966,1
81,2008,0.06707,1
82,2008,0.07682,1
83,2008,0.08313,1
84,2008,0.09412,1
85,2008,0.10459,1
86,2008,0.11865,1
87,2008,0.13303,1
88,2008,0.14691,1
89,2008,0.16682,1
90,2008,0.1882,1
91,2008,0.20936,1
92,2008,0.23524,1
93,2008,0.24747,1
94,2008,0.29021,1
95,2008,0.30587,1
96,2008,0.33424,1
97,2008,0.36386,1
98,2008,0.39455,1
99,2008,0.42609,1
100,2008,0.45825,1
101,2008,0.49076,1
102,2008,0.52334,1
103,2008,0.55573,1
104,2008,0.58766,1
105,2008,0.61886,1
106,2008,0.64911,1
107,2008,0.67821,1
108,2008,0.70599,1
109,2008,0.73232,1
110,2008,NA,1
0,2009,0.00417,1
1,2009,0.00032,1
2,2009,0.00023,1
3,2009,0.00017,1
4,2009,1e-04,1
5,2009,0.00013,1
6,2009,0.00011,1
7,2009,1e-04,1
8,2009,7e-05,1
9,2009,7e-05,1
10,2009,1e-04,1
11,2009,0.00011,1
12,2009,0.00011,1
13,2009,1e-04,1
14,2009,2e-04,1
15,2009,3e-04,1
16,2009,0.00029,1
17,2009,0.00044,1
18,2009,0.00061,1
19,2009,0.00064,1
20,2009,0.00066,1
21,2009,8e-04,1
22,2009,0.00072,1
23,2009,0.00083,1
24,2009,0.00084,1
25,2009,0.00084,1
26,2009,0.00087,1
27,2009,8e-04,1
28,2009,0.00098,1
29,2009,0.00082,1
30,2009,0.00089,1
31,2009,0.00086,1
32,2009,0.00104,1
33,2009,0.00104,1
34,2009,0.00107,1
35,2009,0.00127,1
36,2009,0.00134,1
37,2009,0.00146,1
38,2009,0.00148,1
39,2009,0.00172,1
40,2009,0.00188,1
41,2009,0.00206,1
42,2009,0.00222,1
43,2009,0.00243,1
44,2009,0.00266,1
45,2009,0.00286,1
46,2009,0.00316,1
47,2009,0.00365,1
48,2009,0.00389,1
49,2009,0.00429,1
50,2009,0.00494,1
51,2009,0.00532,1
52,2009,0.00592,1
53,2009,0.0065,1
54,2009,0.00724,1
55,2009,0.00774,1
56,2009,0.00848,1
57,2009,0.00898,1
58,2009,0.00932,1
59,2009,0.00988,1
60,2009,0.01052,1
61,2009,0.01106,1
62,2009,0.01151,1
63,2009,0.01264,1
64,2009,0.01307,1
65,2009,0.01443,1
66,2009,0.01536,1
67,2009,0.01579,1
68,2009,0.0177,1
69,2009,0.01844,1
70,2009,0.02035,1
71,2009,0.02177,1
72,2009,0.02486,1
73,2009,0.02646,1
74,2009,0.02927,1
75,2009,0.03259,1
76,2009,0.03701,1
77,2009,0.04011,1
78,2009,0.04444,1
79,2009,0.05073,1
80,2009,0.05713,1
81,2009,0.06473,1
82,2009,0.07257,1
83,2009,0.08113,1
84,2009,0.09188,1
85,2009,0.10465,1
86,2009,0.11808,1
87,2009,0.13182,1
88,2009,0.14635,1
89,2009,0.16489,1
90,2009,0.18285,1
91,2009,0.2023,1
92,2009,0.22704,1
93,2009,0.26504,1
94,2009,0.27822,1
95,2009,0.30624,1
96,2009,0.33524,1
97,2009,0.36553,1
98,2009,0.39693,1
99,2009,0.4292,1
100,2009,0.46208,1
101,2009,0.4953,1
102,2009,0.52856,1
103,2009,0.56157,1
104,2009,0.59404,1
105,2009,0.62571,1
106,2009,0.65633,1
107,2009,0.68571,1
108,2009,0.71368,1
109,2009,0.7401,1
110,2009,NA,1
0,2010,0.00393,1
1,2010,0.00026,1
2,2010,2e-04,1
3,2010,0.00015,1
4,2010,9e-05,1
5,2010,0.00013,1
6,2010,0.00013,1
7,2010,7e-05,1
8,2010,8e-05,1
9,2010,8e-05,1
10,2010,1e-04,1
11,2010,9e-05,1
12,2010,0.00012,1
13,2010,8e-05,1
14,2010,0.00015,1
15,2010,0.00027,1
16,2010,0.00039,1
17,2010,0.00039,1
18,2010,5e-04,1
19,2010,0.00065,1
20,2010,0.00067,1
21,2010,6e-04,1
22,2010,0.00077,1
23,2010,0.00082,1
24,2010,0.00078,1
25,2010,0.00074,1
26,2010,0.00081,1
27,2010,8e-04,1
28,2010,0.00093,1
29,2010,9e-04,1
30,2010,0.00092,1
31,2010,0.00092,1
32,2010,0.00097,1
33,2010,0.00108,1
34,2010,0.0011,1
35,2010,0.00113,1
36,2010,0.00137,1
37,2010,0.00138,1
38,2010,0.00151,1
39,2010,0.00167,1
40,2010,0.00167,1
41,2010,0.00202,1
42,2010,0.00208,1
43,2010,0.00231,1
44,2010,0.00257,1
45,2010,0.00281,1
46,2010,0.00306,1
47,2010,0.00354,1
48,2010,0.00378,1
49,2010,0.0042,1
50,2010,0.00468,1
51,2010,0.00526,1
52,2010,0.00589,1
53,2010,0.00666,1
54,2010,0.00685,1
55,2010,0.00762,1
56,2010,0.00825,1
57,2010,0.00866,1
58,2010,0.00929,1
59,2010,0.00966,1
60,2010,0.01044,1
61,2010,0.0113,1
62,2010,0.01141,1
63,2010,0.01236,1
64,2010,0.0132,1
65,2010,0.0144,1
66,2010,0.01512,1
67,2010,0.01646,1
68,2010,0.017,1
69,2010,0.01856,1
70,2010,0.01985,1
71,2010,0.02171,1
72,2010,0.02369,1
73,2010,0.0256,1
74,2010,0.02829,1
75,2010,0.03167,1
76,2010,0.03617,1
77,2010,0.03828,1
78,2010,0.04397,1
79,2010,0.04863,1
80,2010,0.05666,1
81,2010,0.06339,1
82,2010,0.07043,1
83,2010,0.07965,1
84,2010,0.09002,1
85,2010,0.10095,1
86,2010,0.11623,1
87,2010,0.12727,1
88,2010,0.14371,1
89,2010,0.16128,1
90,2010,0.18274,1
91,2010,0.20287,1
92,2010,0.22569,1
93,2010,0.24786,1
94,2010,0.27522,1
95,2010,0.3011,1
96,2010,0.32982,1
97,2010,0.35988,1
98,2010,0.39107,1
99,2010,0.42318,1
100,2010,0.45595,1
101,2010,0.4891,1
102,2010,0.52236,1
103,2010,0.55541,1
104,2010,0.58799,1
105,2010,0.61981,1
106,2010,0.65063,1
107,2010,0.68024,1
108,2010,0.70847,1
109,2010,0.73517,1
110,2010,NA,1
0,2011,0.00364,1
1,2011,0.00029,1
2,2011,0.00018,1
3,2011,0.00012,1
4,2011,0.00011,1
5,2011,1e-04,1
6,2011,0.00011,1
7,2011,8e-05,1
8,2011,9e-05,1
9,2011,9e-05,1
10,2011,7e-05,1
11,2011,7e-05,1
12,2011,1e-04,1
13,2011,0.00011,1
14,2011,2e-04,1
15,2011,0.00021,1
16,2011,3e-04,1
17,2011,0.00036,1
18,2011,0.00051,1
19,2011,0.00063,1
20,2011,0.00068,1
21,2011,0.00075,1
22,2011,7e-04,1
23,2011,0.00074,1
24,2011,0.00079,1
25,2011,0.00081,1
26,2011,0.00084,1
27,2011,0.00083,1
28,2011,9e-04,1
29,2011,0.00086,1
30,2011,0.00088,1
31,2011,9e-04,1
32,2011,0.00092,1
33,2011,0.00096,1
34,2011,0.001,1
35,2011,0.00117,1
36,2011,0.0012,1
37,2011,0.00138,1
38,2011,0.00144,1
39,2011,0.00157,1
40,2011,0.00164,1
41,2011,0.00186,1
42,2011,0.00219,1
43,2011,0.00222,1
44,2011,0.00249,1
45,2011,0.00267,1
46,2011,0.00298,1
47,2011,0.00324,1
48,2011,0.00367,1
49,2011,0.00415,1
50,2011,0.00444,1
51,2011,0.00529,1
52,2011,0.00571,1
53,2011,0.00615,1
54,2011,0.00684,1
55,2011,0.00745,1
56,2011,0.00793,1
57,2011,0.00835,1
58,2011,0.00907,1
59,2011,0.00982,1
60,2011,0.01016,1
61,2011,0.01075,1
62,2011,0.01151,1
63,2011,0.01187,1
64,2011,0.01296,1
65,2011,0.01409,1
66,2011,0.01419,1
67,2011,0.01583,1
68,2011,0.01655,1
69,2011,0.01751,1
70,2011,0.01981,1
71,2011,0.02086,1
72,2011,0.02327,1
73,2011,0.02491,1
74,2011,0.02744,1
75,2011,0.03095,1
76,2011,0.03245,1
77,2011,0.03762,1
78,2011,0.04206,1
79,2011,0.04732,1
80,2011,0.05341,1
81,2011,0.05977,1
82,2011,0.068,1
83,2011,0.07675,1
84,2011,0.0851,1
85,2011,0.09607,1
86,2011,0.11046,1
87,2011,0.12303,1
88,2011,0.13668,1
89,2011,0.15667,1
90,2011,0.17198,1
91,2011,0.19423,1
92,2011,0.21484,1
93,2011,0.24941,1
94,2011,0.26782,1
95,2011,0.29244,1
96,2011,0.32094,1
97,2011,0.35083,1
98,2011,0.38195,1
99,2011,0.41406,1
100,2011,0.44692,1
101,2011,0.48025,1
102,2011,0.51376,1
103,2011,0.54715,1
104,2011,0.58011,1
105,2011,0.61238,1
106,2011,0.64369,1
107,2011,0.67382,1
108,2011,0.70258,1
109,2011,0.72981,1
110,2011,NA,1
0,2012,0.00381,1
1,2012,0.00031,1
2,2012,2e-04,1
3,2012,0.00014,1
4,2012,0.00013,1
5,2012,1e-04,1
6,2012,7e-05,1
7,2012,9e-05,1
8,2012,7e-05,1
9,2012,7e-05,1
10,2012,8e-05,1
11,2012,8e-05,1
12,2012,1e-04,1
13,2012,7e-05,1
14,2012,0.00017,1
15,2012,0.00018,1
16,2012,0.00025,1
17,2012,0.00036,1
18,2012,5e-04,1
19,2012,0.00061,1
20,2012,0.00063,1
21,2012,0.00067,1
22,2012,7e-04,1
23,2012,0.00064,1
24,2012,0.00071,1
25,2012,0.00076,1
26,2012,0.00078,1
27,2012,0.00077,1
28,2012,0.00082,1
29,2012,0.00074,1
30,2012,0.00082,1
31,2012,0.00085,1
32,2012,0.00091,1
33,2012,0.00091,1
34,2012,0.00096,1
35,2012,0.00093,1
36,2012,0.00103,1
37,2012,0.0012,1
38,2012,0.00133,1
39,2012,0.00154,1
40,2012,0.00161,1
41,2012,0.00188,1
42,2012,0.00203,1
43,2012,0.00209,1
44,2012,0.00238,1
45,2012,0.00266,1
46,2012,0.00288,1
47,2012,0.0032,1
48,2012,0.00353,1
49,2012,0.00398,1
50,2012,0.00452,1
51,2012,0.00486,1
52,2012,0.00526,1
53,2012,0.00595,1
54,2012,0.00664,1
55,2012,0.00737,1
56,2012,0.00778,1
57,2012,0.00843,1
58,2012,0.00904,1
59,2012,0.00981,1
60,2012,0.01056,1
61,2012,0.01103,1
62,2012,0.01148,1
63,2012,0.01234,1
64,2012,0.01295,1
65,2012,0.01392,1
66,2012,0.0141,1
67,2012,0.01627,1
68,2012,0.01706,1
69,2012,0.01816,1
70,2012,0.01942,1
71,2012,0.02101,1
72,2012,0.02247,1
73,2012,0.02569,1
74,2012,0.02645,1
75,2012,0.02961,1
76,2012,0.0331,1
77,2012,0.03719,1
78,2012,0.04107,1
79,2012,0.0478,1
80,2012,0.05304,1
81,2012,0.06012,1
82,2012,0.06789,1
83,2012,0.078,1
84,2012,0.0866,1
85,2012,0.09956,1
86,2012,0.11149,1
87,2012,0.12683,1
88,2012,0.14351,1
89,2012,0.15882,1
90,2012,0.18132,1
91,2012,0.20227,1
92,2012,0.22595,1
93,2012,0.24883,1
94,2012,0.28307,1
95,2012,0.30864,1
96,2012,0.33919,1
97,2012,0.37113,1
98,2012,0.40424,1
99,2012,0.43825,1
100,2012,0.47285,1
101,2012,0.50771,1
102,2012,0.5425,1
103,2012,0.57687,1
104,2012,0.61052,1
105,2012,0.64315,1
106,2012,0.6745,1
107,2012,0.70436,1
108,2012,0.73257,1
109,2012,0.75901,1
110,2012,NA,1
0,2013,0.00393,1
1,2013,0.00028,1
2,2013,0.00018,1
3,2013,0.00015,1
4,2013,0.00013,1
5,2013,0.00013,1
6,2013,1e-04,1
7,2013,9e-05,1
8,2013,8e-05,1
9,2013,9e-05,1
10,2013,8e-05,1
11,2013,9e-05,1
12,2013,7e-05,1
13,2013,9e-05,1
14,2013,0.00016,1
15,2013,0.00015,1
16,2013,0.00023,1
17,2013,0.00031,1
18,2013,0.00044,1
19,2013,0.00052,1
20,2013,0.00059,1
21,2013,6e-04,1
22,2013,0.00068,1
23,2013,0.00065,1
24,2013,0.00067,1
25,2013,0.00074,1
26,2013,0.00077,1
27,2013,0.00068,1
28,2013,0.00077,1
29,2013,0.00072,1
30,2013,0.00083,1
31,2013,8e-04,1
32,2013,0.00086,1
33,2013,0.00093,1
34,2013,0.00101,1
35,2013,0.00105,1
36,2013,0.00116,1
37,2013,0.00121,1
38,2013,0.00129,1
39,2013,0.00136,1
40,2013,0.00166,1
41,2013,0.00178,1
42,2013,0.00195,1
43,2013,0.00205,1
44,2013,0.00222,1
45,2013,0.00253,1
46,2013,0.00285,1
47,2013,0.00316,1
48,2013,0.00347,1
49,2013,0.00383,1
50,2013,0.0042,1
51,2013,0.00464,1
52,2013,0.00508,1
53,2013,0.00558,1
54,2013,0.00637,1
55,2013,0.0068,1
56,2013,0.00738,1
57,2013,0.00828,1
58,2013,0.00877,1
59,2013,0.00966,1
60,2013,0.01014,1
61,2013,0.01104,1
62,2013,0.01137,1
63,2013,0.01233,1
64,2013,0.01279,1
65,2013,0.01405,1
66,2013,0.01462,1
67,2013,0.01553,1
68,2013,0.0169,1
69,2013,0.01808,1
70,2013,0.01943,1
71,2013,0.02035,1
72,2013,0.02261,1
73,2013,0.02438,1
74,2013,0.0268,1
75,2013,0.02908,1
76,2013,0.03276,1
77,2013,0.0353,1
78,2013,0.0398,1
79,2013,0.04499,1
80,2013,0.05146,1
81,2013,0.05908,1
82,2013,0.06656,1
83,2013,0.07459,1
84,2013,0.08334,1
85,2013,0.0945,1
86,2013,0.10884,1
87,2013,0.1232,1
88,2013,0.13984,1
89,2013,0.15392,1
90,2013,0.1776,1
91,2013,0.20313,1
92,2013,0.22082,1
93,2013,0.24682,1
94,2013,0.27429,1
95,2013,0.30091,1
96,2013,0.33098,1
97,2013,0.36249,1
98,2013,0.39523,1
99,2013,0.42893,1
100,2013,0.46331,1
101,2013,0.49804,1
102,2013,0.53279,1
103,2013,0.56723,1
104,2013,0.60102,1
105,2013,0.63388,1
106,2013,0.66554,1
107,2013,0.69578,1
108,2013,0.72442,1
109,2013,0.75132,1
110,2013,NA,1
0,2014,0.0038,1
1,2014,0.00029,1
2,2014,0.00015,1
3,2014,0.00013,1
4,2014,0.00012,1
5,2014,1e-04,1
6,2014,9e-05,1
7,2014,1e-04,1
8,2014,7e-05,1
9,2014,9e-05,1
10,2014,6e-05,1
11,2014,7e-05,1
12,2014,1e-04,1
13,2014,1e-04,1
14,2014,0.00013,1
15,2014,0.00017,1
16,2014,0.00022,1
17,2014,3e-04,1
18,2014,0.00038,1
19,2014,0.00049,1
20,2014,0.00057,1
21,2014,0.00052,1
22,2014,0.00061,1
23,2014,6e-04,1
24,2014,0.00063,1
25,2014,0.00071,1
26,2014,0.00067,1
27,2014,0.00071,1
28,2014,0.00077,1
29,2014,0.00083,1
30,2014,0.00091,1
31,2014,0.00075,1
32,2014,0.00097,1
33,2014,0.00085,1
34,2014,0.00099,1
35,2014,0.00092,1
36,2014,0.00101,1
37,2014,0.00117,1
38,2014,0.00127,1
39,2014,0.00153,1
40,2014,0.00147,1
41,2014,0.00149,1
42,2014,0.00174,1
43,2014,0.00188,1
44,2014,0.00221,1
45,2014,0.00247,1
46,2014,0.00278,1
47,2014,0.00299,1
48,2014,0.00329,1
49,2014,0.00363,1
50,2014,0.00382,1
51,2014,0.00425,1
52,2014,0.00504,1
53,2014,0.00524,1
54,2014,0.00603,1
55,2014,0.00655,1
56,2014,0.00723,1
57,2014,0.00773,1
58,2014,0.00841,1
59,2014,0.00907,1
60,2014,0.00982,1
61,2014,0.01065,1
62,2014,0.01146,1
63,2014,0.01201,1
64,2014,0.01268,1
65,2014,0.01312,1
66,2014,0.01424,1
67,2014,0.01494,1
68,2014,0.01627,1
69,2014,0.01783,1
70,2014,0.01881,1
71,2014,0.01972,1
72,2014,0.02158,1
73,2014,0.02367,1
74,2014,0.02522,1
75,2014,0.0284,1
76,2014,0.0303,1
77,2014,0.03406,1
78,2014,0.03736,1
79,2014,0.04219,1
80,2014,0.04852,1
81,2014,0.05576,1
82,2014,0.06343,1
83,2014,0.07036,1
84,2014,0.08088,1
85,2014,0.0918,1
86,2014,0.10077,1
87,2014,0.11765,1
88,2014,0.13317,1
89,2014,0.15023,1
90,2014,0.16474,1
91,2014,0.18504,1
92,2014,0.20674,1
93,2014,0.23244,1
94,2014,0.25839,1
95,2014,0.28244,1
96,2014,0.31084,1
97,2014,0.34074,1
98,2014,0.37197,1
99,2014,0.4043,1
100,2014,0.43748,1
101,2014,0.47123,1
102,2014,0.50525,1
103,2014,0.53922,1
104,2014,0.57283,1
105,2014,0.60578,1
106,2014,0.63779,1
107,2014,0.66863,1
108,2014,0.69809,1
109,2014,0.726,1
110,2014,NA,1
0,2015,0.00399,1
1,2015,0.00029,1
2,2015,0.00019,1
3,2015,0.00016,1
4,2015,0.00011,1
5,2015,9e-05,1
6,2015,9e-05,1
7,2015,9e-05,1
8,2015,0.00011,1
9,2015,8e-05,1
10,2015,6e-05,1
11,2015,9e-05,1
12,2015,1e-04,1
13,2015,0.00014,1
14,2015,0.00015,1
15,2015,0.00022,1
16,2015,0.00029,1
17,2015,0.00031,1
18,2015,0.00043,1
19,2015,0.00052,1
20,2015,0.00053,1
21,2015,0.00066,1
22,2015,0.00052,1
23,2015,6e-04,1
24,2015,0.00064,1
25,2015,0.00064,1
26,2015,0.00071,1
27,2015,7e-04,1
28,2015,0.00075,1
29,2015,0.00083,1
30,2015,8e-04,1
31,2015,0.00095,1
32,2015,0.00082,1
33,2015,0.00088,1
34,2015,0.00105,1
35,2015,0.00105,1
36,2015,0.00112,1
37,2015,0.00121,1
38,2015,0.00124,1
39,2015,0.00137,1
40,2015,0.0015,1
41,2015,0.00172,1
42,2015,0.00171,1
43,2015,0.00211,1
44,2015,0.00228,1
45,2015,0.00263,1
46,2015,0.00274,1
47,2015,0.00314,1
48,2015,0.0032,1
49,2015,0.00362,1
50,2015,0.00391,1
51,2015,0.00424,1
52,2015,0.00478,1
53,2015,0.00512,1
54,2015,0.00594,1
55,2015,0.00663,1
56,2015,0.00725,1
57,2015,0.008,1
58,2015,0.00858,1
59,2015,0.0092,1
60,2015,0.01012,1
61,2015,0.01067,1
62,2015,0.01144,1
63,2015,0.01218,1
64,2015,0.01284,1
65,2015,0.01367,1
66,2015,0.01449,1
67,2015,0.01502,1
68,2015,0.01653,1
69,2015,0.01724,1
70,2015,0.01935,1
71,2015,0.02042,1
72,2015,0.02202,1
73,2015,0.02351,1
74,2015,0.02652,1
75,2015,0.02803,1
76,2015,0.03139,1
77,2015,0.03459,1
78,2015,0.03898,1
79,2015,0.04389,1
80,2015,0.04967,1
81,2015,0.05622,1
82,2015,0.06422,1
83,2015,0.0734,1
84,2015,0.08286,1
85,2015,0.09418,1
86,2015,0.10709,1
87,2015,0.11947,1
88,2015,0.13711,1
89,2015,0.15527,1
90,2015,0.17478,1
91,2015,0.19859,1
92,2015,0.21951,1
93,2015,0.24626,1
94,2015,0.27284,1
95,2015,0.3006,1
96,2015,0.33114,1
97,2015,0.36317,1
98,2015,0.39646,1
99,2015,0.43073,1
100,2015,0.46569,1
101,2015,0.50098,1
102,2015,0.53626,1
103,2015,0.57119,1
104,2015,0.60542,1
105,2015,0.63864,1
106,2015,0.67059,1
107,2015,0.70104,1
108,2015,0.72981,1
109,2015,0.75677,1
110,2015,NA,1
0,2016,0.00398,1
1,2016,0.00021,1
2,2016,0.00021,1
3,2016,0.00015,1
4,2016,0.00011,1
5,2016,0.00011,1
6,2016,0.00011,1
7,2016,8e-05,1
8,2016,6e-05,1
9,2016,7e-05,1
10,2016,9e-05,1
11,2016,7e-05,1
12,2016,7e-05,1
13,2016,0.00011,1
14,2016,0.00013,1
15,2016,0.00018,1
16,2016,0.00019,1
17,2016,0.00032,1
18,2016,0.00044,1
19,2016,0.00052,1
20,2016,0.00051,1
21,2016,0.00054,1
22,2016,0.00057,1
23,2016,0.00061,1
24,2016,6e-04,1
25,2016,0.00064,1
26,2016,0.00073,1
27,2016,0.00072,1
28,2016,0.00072,1
29,2016,0.00068,1
30,2016,0.00071,1
31,2016,0.00082,1
32,2016,0.00083,1
33,2016,9e-04,1
34,2016,0.00096,1
35,2016,0.00101,1
36,2016,0.001,1
37,2016,0.00124,1
38,2016,0.00124,1
39,2016,0.00134,1
40,2016,0.00139,1
41,2016,0.0016,1
42,2016,0.00183,1
43,2016,0.00199,1
44,2016,0.00208,1
45,2016,0.0023,1
46,2016,0.00256,1
47,2016,0.00295,1
48,2016,0.00316,1
49,2016,0.00358,1
50,2016,0.00388,1
51,2016,0.00418,1
52,2016,0.00436,1
53,2016,0.00507,1
54,2016,0.0057,1
55,2016,0.00619,1
56,2016,0.00717,1
57,2016,0.00772,1
58,2016,0.00832,1
59,2016,0.00901,1
60,2016,0.00995,1
61,2016,0.0107,1
62,2016,0.01169,1
63,2016,0.01237,1
64,2016,0.01274,1
65,2016,0.01359,1
66,2016,0.01433,1
67,2016,0.01497,1
68,2016,0.01614,1
69,2016,0.01759,1
70,2016,0.01911,1
71,2016,0.02008,1
72,2016,0.02157,1
73,2016,0.02372,1
74,2016,0.02527,1
75,2016,0.02834,1
76,2016,0.03002,1
77,2016,0.03387,1
78,2016,0.03783,1
79,2016,0.0421,1
80,2016,0.04657,1
81,2016,0.05389,1
82,2016,0.06079,1
83,2016,0.07,1
84,2016,0.08066,1
85,2016,0.09058,1
86,2016,0.1024,1
87,2016,0.11825,1
88,2016,0.13244,1
89,2016,0.1495,1
90,2016,0.1723,1
91,2016,0.18324,1
92,2016,0.21805,1
93,2016,0.2456,1
94,2016,0.26861,1
95,2016,0.29818,1
96,2016,0.3293,1
97,2016,0.36198,1
98,2016,0.396,1
99,2016,0.43105,1
100,2016,0.46681,1
101,2016,0.50291,1
102,2016,0.53898,1
103,2016,0.57465,1
104,2016,0.60955,1
105,2016,0.64337,1
106,2016,0.67582,1
107,2016,0.70666,1
108,2016,0.73572,1
109,2016,0.76286,1
110,2016,NA,1
0,2017,0.00405,1
1,2017,0.00028,1
2,2017,0.00017,1
3,2017,0.00012,1
4,2017,8e-05,1
5,2017,0.00011,1
6,2017,1e-04,1
7,2017,9e-05,1
8,2017,8e-05,1
9,2017,3e-05,1
10,2017,8e-05,1
11,2017,8e-05,1
12,2017,8e-05,1
13,2017,8e-05,1
14,2017,0.00015,1
15,2017,0.00019,1
16,2017,0.00024,1
17,2017,0.00029,1
18,2017,0.00037,1
19,2017,4e-04,1
20,2017,0.00058,1
21,2017,0.00061,1
22,2017,6e-04,1
23,2017,0.00062,1
24,2017,0.00058,1
25,2017,0.00062,1
26,2017,0.00068,1
27,2017,0.00067,1
28,2017,0.00074,1
29,2017,0.00071,1
30,2017,0.00072,1
31,2017,8e-04,1
32,2017,0.00093,1
33,2017,0.00087,1
34,2017,0.00089,1
35,2017,0.00104,1
36,2017,0.00111,1
37,2017,0.00112,1
38,2017,0.00112,1
39,2017,0.00129,1
40,2017,0.00144,1
41,2017,0.00152,1
42,2017,0.00178,1
43,2017,0.00198,1
44,2017,0.00198,1
45,2017,0.00225,1
46,2017,0.00258,1
47,2017,0.00276,1
48,2017,0.00306,1
49,2017,0.00348,1
50,2017,0.00373,1
51,2017,0.00413,1
52,2017,0.00452,1
53,2017,0.00515,1
54,2017,0.00529,1
55,2017,0.00588,1
56,2017,0.00674,1
57,2017,0.00721,1
58,2017,0.00813,1
59,2017,0.00882,1
60,2017,0.00952,1
61,2017,0.01085,1
62,2017,0.01155,1
63,2017,0.01217,1
64,2017,0.0126,1
65,2017,0.01375,1
66,2017,0.01457,1
67,2017,0.0154,1
68,2017,0.0159,1
69,2017,0.01739,1
70,2017,0.01866,1
71,2017,0.0199,1
72,2017,0.02127,1
73,2017,0.0231,1
74,2017,0.02518,1
75,2017,0.0275,1
76,2017,0.03077,1
77,2017,0.03298,1
78,2017,0.03801,1
79,2017,0.04133,1
80,2017,0.04551,1
81,2017,0.05276,1
82,2017,0.0599,1
83,2017,0.0686,1
84,2017,0.08071,1
85,2017,0.08899,1
86,2017,0.10225,1
87,2017,0.1187,1
88,2017,0.13197,1
89,2017,0.15143,1
90,2017,0.16913,1
91,2017,0.1939,1
92,2017,0.21788,1
93,2017,0.2421,1
94,2017,0.27156,1
95,2017,0.30097,1
96,2017,0.3327,1
97,2017,0.36604,1
98,2017,0.40071,1
99,2017,0.4364,1
100,2017,0.47276,1
101,2017,0.50941,1
102,2017,0.54596,1
103,2017,0.58203,1
104,2017,0.61723,1
105,2017,0.65125,1
106,2017,0.6838,1
107,2017,0.71463,1
108,2017,0.74359,1
109,2017,0.77055,1
110,2017,NA,1
0,2018,0.00418,1
1,2018,0.00028,1
2,2018,0.00018,1
3,2018,0.00011,1
4,2018,0.00013,1
5,2018,8e-05,1
6,2018,7e-05,1
7,2018,6e-05,1
8,2018,7e-05,1
9,2018,8e-05,1
10,2018,7e-05,1
11,2018,9e-05,1
12,2018,0.00011,1
13,2018,1e-04,1
14,2018,0.00015,1
15,2018,2e-04,1
16,2018,0.00023,1
17,2018,0.00027,1
18,2018,0.00035,1
19,2018,0.00051,1
20,2018,0.00052,1
21,2018,0.00063,1
22,2018,0.00057,1
23,2018,0.00061,1
24,2018,0.00066,1
25,2018,0.00065,1
26,2018,0.00063,1
27,2018,0.00061,1
28,2018,0.00061,1
29,2018,0.00081,1
30,2018,0.00078,1
31,2018,0.00075,1
32,2018,0.00079,1
33,2018,0.00087,1
34,2018,0.00099,1
35,2018,0.00102,1
36,2018,0.00112,1
37,2018,0.00121,1
38,2018,0.00126,1
39,2018,0.00146,1
40,2018,0.00143,1
41,2018,0.00153,1
42,2018,0.00167,1
43,2018,0.00182,1
44,2018,0.00208,1
45,2018,0.00238,1
46,2018,0.00248,1
47,2018,0.00276,1
48,2018,0.00299,1
49,2018,0.00339,1
50,2018,0.00367,1
51,2018,0.00407,1
52,2018,0.00446,1
53,2018,0.00488,1
54,2018,0.00541,1
55,2018,0.00584,1
56,2018,0.0065,1
57,2018,0.00709,1
58,2018,0.00787,1
59,2018,0.00851,1
60,2018,0.00919,1
61,2018,0.0103,1
62,2018,0.01129,1
63,2018,0.01212,1
64,2018,0.01285,1
65,2018,0.01328,1
66,2018,0.01434,1
67,2018,0.015,1
68,2018,0.01669,1
69,2018,0.01743,1
70,2018,0.01805,1
71,2018,0.01993,1
72,2018,0.02143,1
73,2018,0.02363,1
74,2018,0.02525,1
75,2018,0.02737,1
76,2018,0.02968,1
77,2018,0.03343,1
78,2018,0.03656,1
79,2018,0.04146,1
80,2018,0.04484,1
81,2018,0.05149,1
82,2018,0.05683,1
83,2018,0.06673,1
84,2018,0.07541,1
85,2018,0.08887,1
86,2018,0.10056,1
87,2018,0.11406,1
88,2018,0.13153,1
89,2018,0.14866,1
90,2018,0.16846,1
91,2018,0.19012,1
92,2018,0.21704,1
93,2018,0.23903,1
94,2018,0.26186,1
95,2018,0.29774,1
96,2018,0.32959,1
97,2018,0.36309,1
98,2018,0.39796,1
99,2018,0.43391,1
100,2018,0.47057,1
101,2018,0.50754,1
102,2018,0.54444,1
103,2018,0.58085,1
104,2018,0.6164,1
105,2018,0.65075,1
106,2018,0.68361,1
107,2018,0.71473,1
108,2018,0.74393,1
109,2018,0.7711,1
110,2018,NA,1
0,2019,0.00416,1
1,2019,0.00032,1
2,2019,0.00022,1
3,2019,0.00012,1
4,2019,0.00014,1
5,2019,9e-05,1
6,2019,8e-05,1
7,2019,9e-05,1
8,2019,7e-05,1
9,2019,8e-05,1
10,2019,7e-05,1
11,2019,7e-05,1
12,2019,8e-05,1
13,2019,9e-05,1
14,2019,0.00013,1
15,2019,0.00017,1
16,2019,0.00024,1
17,2019,0.00029,1
18,2019,0.00044,1
19,2019,0.00052,1
20,2019,5e-04,1
21,2019,0.00051,1
22,2019,0.00054,1
23,2019,0.00057,1
24,2019,0.00059,1
25,2019,6e-04,1
26,2019,0.00081,1
27,2019,0.00063,1
28,2019,0.00075,1
29,2019,0.00072,1
30,2019,0.00076,1
31,2019,0.00083,1
32,2019,0.00089,1
33,2019,0.00093,1
34,2019,0.00091,1
35,2019,0.00103,1
36,2019,0.0011,1
37,2019,0.00116,1
38,2019,0.00128,1
39,2019,0.00134,1
40,2019,0.00138,1
41,2019,0.00146,1
42,2019,0.00161,1
43,2019,0.00183,1
44,2019,0.00202,1
45,2019,0.00218,1
46,2019,0.00235,1
47,2019,0.0027,1
48,2019,0.00301,1
49,2019,0.00327,1
50,2019,0.00368,1
51,2019,0.00384,1
52,2019,0.00446,1
53,2019,0.00486,1
54,2019,0.00508,1
55,2019,0.00573,1
56,2019,0.00623,1
57,2019,0.00661,1
58,2019,0.00745,1
59,2019,0.00839,1
60,2019,0.00901,1
61,2019,0.00995,1
62,2019,0.01061,1
63,2019,0.0119,1
64,2019,0.0123,1
65,2019,0.01355,1
66,2019,0.01451,1
67,2019,0.01508,1
68,2019,0.01581,1
69,2019,0.01731,1
70,2019,0.01854,1
71,2019,0.01983,1
72,2019,0.02098,1
73,2019,0.02243,1
74,2019,0.02506,1
75,2019,0.02686,1
76,2019,0.0298,1
77,2019,0.03256,1
78,2019,0.03633,1
79,2019,0.0401,1
80,2019,0.04513,1
81,2019,0.05013,1
82,2019,0.05524,1
83,2019,0.06332,1
84,2019,0.07422,1
85,2019,0.08504,1
86,2019,0.0991,1
87,2019,0.11232,1
88,2019,0.12751,1
89,2019,0.14403,1
90,2019,0.16312,1
91,2019,0.18624,1
92,2019,0.21087,1
93,2019,0.23669,1
94,2019,0.26616,1
95,2019,0.29268,1
96,2019,0.32431,1
97,2019,0.35762,1
98,2019,0.39238,1
99,2019,0.42825,1
100,2019,0.4649,1
101,2019,0.50193,1
102,2019,0.53894,1
103,2019,0.57552,1
104,2019,0.6113,1
105,2019,0.64591,1
106,2019,0.67907,1
107,2019,0.7105,1
108,2019,0.74004,1
109,2019,0.76755,1
110,2019,NA,1
0,2020,0.00381,1
1,2020,0.00019,1
2,2020,0.00018,1
3,2020,9e-05,1
4,2020,0.00012,1
5,2020,7e-05,1
6,2020,7e-05,1
7,2020,7e-05,1
8,2020,8e-05,1
9,2020,9e-05,1
10,2020,6e-05,1
11,2020,7e-05,1
12,2020,1e-04,1
13,2020,0.00012,1
14,2020,0.00014,1
15,2020,0.00016,1
16,2020,0.00021,1
17,2020,0.00028,1
18,2020,0.00044,1
19,2020,0.00048,1
20,2020,0.00052,1
21,2020,0.00057,1
22,2020,0.00054,1
23,2020,0.00052,1
24,2020,0.00054,1
25,2020,0.00063,1
26,2020,0.00064,1
27,2020,0.00064,1
28,2020,0.00071,1
29,2020,7e-04,1
30,2020,0.00069,1
31,2020,0.00082,1
32,2020,7e-04,1
33,2020,0.00094,1
34,2020,0.00101,1
35,2020,0.00103,1
36,2020,0.0011,1
37,2020,0.00111,1
38,2020,0.00122,1
39,2020,0.00132,1
40,2020,0.00144,1
41,2020,0.00153,1
42,2020,0.0017,1
43,2020,0.00187,1
44,2020,0.002,1
45,2020,0.00235,1
46,2020,0.00237,1
47,2020,0.00272,1
48,2020,0.00307,1
49,2020,0.00337,1
50,2020,0.00364,1
51,2020,0.00421,1
52,2020,0.00438,1
53,2020,0.00476,1
54,2020,0.00525,1
55,2020,0.00571,1
56,2020,0.00635,1
57,2020,0.00713,1
58,2020,0.00762,1
59,2020,0.0084,1
60,2020,0.00936,1
61,2020,0.01005,1
62,2020,0.01144,1
63,2020,0.01199,1
64,2020,0.01285,1
65,2020,0.01392,1
66,2020,0.01507,1
67,2020,0.01586,1
68,2020,0.01755,1
69,2020,0.01843,1
70,2020,0.0196,1
71,2020,0.02111,1
72,2020,0.02309,1
73,2020,0.02471,1
74,2020,0.02722,1
75,2020,0.02983,1
76,2020,0.03303,1
77,2020,0.0364,1
78,2020,0.03975,1
79,2020,0.0455,1
80,2020,0.04942,1
81,2020,0.05521,1
82,2020,0.06214,1
83,2020,0.07039,1
84,2020,0.0809,1
85,2020,0.09318,1
86,2020,0.10622,1
87,2020,0.12497,1
88,2020,0.14212,1
89,2020,0.16189,1
90,2020,0.18179,1
91,2020,0.20301,1
92,2020,0.23238,1
93,2020,0.25488,1
94,2020,0.29828,1
95,2020,0.32152,1
96,2020,0.35529,1
97,2020,0.39058,1
98,2020,0.42704,1
99,2020,0.46432,1
100,2020,0.502,1
101,2020,0.53966,1
102,2020,0.57686,1
103,2020,0.61322,1
104,2020,0.64836,1
105,2020,0.68196,1
106,2020,0.71377,1
107,2020,0.74359,1
108,2020,0.7713,1
109,2020,0.79684,1
110,2020,NA,1
0,2021,0.00403,1
1,2021,0.00024,1
2,2021,0.00017,1
3,2021,0.00012,1
4,2021,0.00013,1
5,2021,0.00011,1
6,2021,9e-05,1
7,2021,9e-05,1
8,2021,7e-05,1
9,2021,7e-05,1
10,2021,6e-05,1
11,2021,7e-05,1
12,2021,9e-05,1
13,2021,0.00013,1
14,2021,0.00011,1
15,2021,0.00015,1
16,2021,0.00023,1
17,2021,0.00029,1
18,2021,0.00033,1
19,2021,0.00047,1
20,2021,0.00052,1
21,2021,0.00059,1
22,2021,0.00062,1
23,2021,0.00054,1
24,2021,0.00057,1
25,2021,0.00057,1
26,2021,0.00067,1
27,2021,0.00065,1
28,2021,0.00068,1
29,2021,0.00072,1
30,2021,0.00079,1
31,2021,0.00086,1
32,2021,0.00084,1
33,2021,0.00086,1
34,2021,0.00092,1
35,2021,0.00111,1
36,2021,0.00107,1
37,2021,0.00124,1
38,2021,0.00121,1
39,2021,0.0014,1
40,2021,0.00144,1
41,2021,0.0016,1
42,2021,0.00173,1
43,2021,0.00197,1
44,2021,0.00199,1
45,2021,0.00229,1
46,2021,0.00247,1
47,2021,0.00269,1
48,2021,0.00301,1
49,2021,0.0033,1
50,2021,0.00362,1
51,2021,0.00407,1
52,2021,0.00443,1
53,2021,0.00501,1
54,2021,0.00535,1
55,2021,0.00585,1
56,2021,0.00647,1
57,2021,0.0069,1
58,2021,0.00761,1
59,2021,0.00813,1
60,2021,0.00916,1
61,2021,0.0101,1
62,2021,0.01074,1
63,2021,0.01215,1
64,2021,0.01296,1
65,2021,0.01399,1
66,2021,0.01566,1
67,2021,0.01636,1
68,2021,0.01754,1
69,2021,0.01854,1
70,2021,0.02019,1
71,2021,0.02119,1
72,2021,0.0227,1
73,2021,0.025,1
74,2021,0.0269,1
75,2021,0.0292,1
76,2021,0.03266,1
77,2021,0.03533,1
78,2021,0.03906,1
79,2021,0.04383,1
80,2021,0.04865,1
81,2021,0.05316,1
82,2021,0.06115,1
83,2021,0.0693,1
84,2021,0.07744,1
85,2021,0.08745,1
86,2021,0.10002,1
87,2021,0.11707,1
88,2021,0.13398,1
89,2021,0.15464,1
90,2021,0.17164,1
91,2021,0.1969,1
92,2021,0.21898,1
93,2021,0.24803,1
94,2021,0.27028,1
95,2021,0.30054,1
96,2021,0.33209,1
97,2021,0.36522,1
98,2021,0.39968,1
99,2021,0.43516,1
100,2021,0.47131,1
101,2021,0.50777,1
102,2021,0.54415,1
103,2021,0.58007,1
104,2021,0.61515,1
105,2021,0.64908,1
106,2021,0.68156,1
107,2021,0.71237,1
108,2021,0.74133,1
109,2021,0.76833,1
110,2021,NA,1
0,2022,0.00423,1
1,2022,0.00025,1
2,2022,0.00019,1
3,2022,0.00016,1
4,2022,9e-05,1
5,2022,9e-05,1
6,2022,1e-04,1
7,2022,6e-05,1
8,2022,8e-05,1
9,2022,9e-05,1
10,2022,1e-04,1
11,2022,1e-04,1
12,2022,9e-05,1
13,2022,0.00011,1
14,2022,0.00016,1
15,2022,0.00016,1
16,2022,0.00024,1
17,2022,0.00024,1
18,2022,0.00038,1
19,2022,0.00052,1
20,2022,0.00055,1
21,2022,0.00061,1
22,2022,0.00058,1
23,2022,0.00063,1
24,2022,0.00064,1
25,2022,0.00061,1
26,2022,0.00063,1
27,2022,0.00068,1
28,2022,0.00073,1
29,2022,0.00069,1
30,2022,0.00077,1
31,2022,0.00076,1
32,2022,0.00085,1
33,2022,9e-04,1
34,2022,0.00094,1
35,2022,0.00101,1
36,2022,0.00116,1
37,2022,0.00118,1
38,2022,0.0014,1
39,2022,0.0015,1
40,2022,0.00156,1
41,2022,0.00162,1
42,2022,0.00183,1
43,2022,0.00196,1
44,2022,0.00201,1
45,2022,0.00222,1
46,2022,0.0025,1
47,2022,0.00268,1
48,2022,0.003,1
49,2022,0.00309,1
50,2022,0.00368,1
51,2022,0.0039,1
52,2022,0.00444,1
53,2022,0.00485,1
54,2022,0.00528,1
55,2022,0.00558,1
56,2022,0.00626,1
57,2022,0.00682,1
58,2022,0.00747,1
59,2022,0.00789,1
60,2022,0.00904,1
61,2022,0.0097,1
62,2022,0.01088,1
63,2022,0.01181,1
64,2022,0.01286,1
65,2022,0.01364,1
66,2022,0.01548,1
67,2022,0.01592,1
68,2022,0.01682,1
69,2022,0.01836,1
70,2022,0.0197,1
71,2022,0.02093,1
72,2022,0.02235,1
73,2022,0.02479,1
74,2022,0.02616,1
75,2022,0.02848,1
76,2022,0.03169,1
77,2022,0.03498,1
78,2022,0.03817,1
79,2022,0.04259,1
80,2022,0.04707,1
81,2022,0.05301,1
82,2022,0.05836,1
83,2022,0.06576,1
84,2022,0.07591,1
85,2022,0.08609,1
86,2022,0.10024,1
87,2022,0.11392,1
88,2022,0.13402,1
89,2022,0.15616,1
90,2022,0.17742,1
91,2022,0.19754,1
92,2022,0.22995,1
93,2022,0.24863,1
94,2022,0.2834,1
95,2022,0.31358,1
96,2022,0.34755,1
97,2022,0.38315,1
98,2022,0.42005,1
99,2022,0.45787,1
100,2022,0.49617,1
101,2022,0.53452,1
102,2022,0.57247,1
103,2022,0.60959,1
104,2022,0.64547,1
105,2022,0.67979,1
106,2022,0.71227,1
107,2022,0.74271,1
108,2022,0.77095,1
109,2022,0.79695,1
110,2022,NA,1
0,2023,0.00404,1
1,2023,0.00031,1
2,2023,0.00018,1
3,2023,0.00014,1
4,2023,1e-04,1
5,2023,9e-05,1
6,2023,8e-05,1
7,2023,9e-05,1
8,2023,5e-05,1
9,2023,9e-05,1
10,2023,6e-05,1
11,2023,8e-05,1
12,2023,9e-05,1
13,2023,1e-04,1
14,2023,0.00014,1
15,2023,0.00018,1
16,2023,0.00027,1
17,2023,3e-04,1
18,2023,4e-04,1
19,2023,0.00048,1
20,2023,0.00056,1
21,2023,0.00057,1
22,2023,0.00061,1
23,2023,0.00058,1
24,2023,0.00062,1
25,2023,0.00063,1
26,2023,0.00062,1
27,2023,0.00066,1
28,2023,7e-04,1
29,2023,0.00065,1
30,2023,0.00076,1
31,2023,0.00076,1
32,2023,0.00083,1
33,2023,0.00089,1
34,2023,0.00092,1
35,2023,0.00098,1
36,2023,0.00107,1
37,2023,0.00121,1
38,2023,0.00131,1
39,2023,0.00145,1
40,2023,0.00147,1
41,2023,0.00169,1
42,2023,0.00172,1
43,2023,0.00181,1
44,2023,0.00198,1
45,2023,0.00221,1
46,2023,0.00228,1
47,2023,0.00249,1
48,2023,0.00279,1
49,2023,0.00306,1
50,2023,0.0035,1
51,2023,0.00359,1
52,2023,0.00417,1
53,2023,0.00463,1
54,2023,0.005,1
55,2023,0.00556,1
56,2023,0.0059,1
57,2023,0.00631,1
58,2023,0.00689,1
59,2023,0.00752,1
60,2023,0.00822,1
61,2023,0.00918,1
62,2023,0.01023,1
63,2023,0.01105,1
64,2023,0.01156,1
65,2023,0.01313,1
66,2023,0.01415,1
67,2023,0.01534,1
68,2023,0.01626,1
69,2023,0.01742,1
70,2023,0.01887,1
71,2023,0.02014,1
72,2023,0.02168,1
73,2023,0.02296,1
74,2023,0.02485,1
75,2023,0.0273,1
76,2023,0.03004,1
77,2023,0.03225,1
78,2023,0.03643,1
79,2023,0.04031,1
80,2023,0.04301,1
81,2023,0.04864,1
82,2023,0.05555,1
83,2023,0.06196,1
84,2023,0.071,1
85,2023,0.07972,1
86,2023,0.09064,1
87,2023,0.10592,1
88,2023,0.11831,1
89,2023,0.13838,1
90,2023,0.16149,1
91,2023,0.18092,1
92,2023,0.20462,1
93,2023,0.22964,1
94,2023,0.25625,1
95,2023,0.28155,1
96,2023,0.31232,1
97,2023,0.34485,1
98,2023,0.3789,1
99,2023,0.41418,1
100,2023,0.45037,1
101,2023,0.48709,1
102,2023,0.52395,1
103,2023,0.56055,1
104,2023,0.59651,1
105,2023,0.63146,1
106,2023,0.66507,1
107,2023,0.6971,1
108,2023,0.72732,1
109,2023,0.75557,1
110,2023,NA,1
0,1990,0.00632,2
1,1990,5e-04,2
2,1990,0.00032,2
3,1990,0.00023,2
4,1990,2e-04,2
5,1990,0.00017,2
6,1990,0.00018,2
7,1990,0.00016,2
8,1990,0.00015,2
9,1990,0.00016,2
10,1990,0.00016,2
11,1990,0.00015,2
12,1990,0.00015,2
13,1990,0.00019,2
14,1990,0.00017,2
15,1990,0.00024,2
16,1990,0.00027,2
17,1990,0.00038,2
18,1990,0.00041,2
19,1990,0.00043,2
20,1990,0.00043,2
21,1990,0.00043,2
22,1990,0.00042,2
23,1990,0.00045,2
24,1990,0.00046,2
25,1990,0.00051,2
26,1990,0.00055,2
27,1990,0.00058,2
28,1990,0.00053,2
29,1990,0.00055,2
30,1990,0.00063,2
31,1990,0.00065,2
32,1990,0.00064,2
33,1990,0.00074,2
34,1990,0.00084,2
35,1990,0.00085,2
36,1990,0.00096,2
37,1990,0.00093,2
38,1990,0.00113,2
39,1990,0.00109,2
40,1990,0.00119,2
41,1990,0.00127,2
42,1990,0.00142,2
43,1990,0.00158,2
44,1990,0.00169,2
45,1990,0.00182,2
46,1990,0.00204,2
47,1990,0.0021,2
48,1990,0.00225,2
49,1990,0.00237,2
50,1990,0.00273,2
51,1990,0.00293,2
52,1990,0.0032,2
53,1990,0.00322,2
54,1990,0.00365,2
55,1990,0.0039,2
56,1990,0.0042,2
57,1990,0.00432,2
58,1990,0.00512,2
59,1990,0.00537,2
60,1990,0.00563,2
61,1990,0.00596,2
62,1990,0.00654,2
63,1990,0.00708,2
64,1990,0.00766,2
65,1990,0.00787,2
66,1990,0.00896,2
67,1990,0.01005,2
68,1990,0.01101,2
69,1990,0.01222,2
70,1990,0.01362,2
71,1990,0.01546,2
72,1990,0.0175,2
73,1990,0.01979,2
74,1990,0.02269,2
75,1990,0.02534,2
76,1990,0.02771,2
77,1990,0.03264,2
78,1990,0.0361,2
79,1990,0.04302,2
80,1990,0.04856,2
81,1990,0.05553,2
82,1990,0.06526,2
83,1990,0.0731,2
84,1990,0.0837,2
85,1990,0.09469,2
86,1990,0.1088,2
87,1990,0.12183,2
88,1990,0.13453,2
89,1990,0.15615,2
90,1990,0.17354,2
91,1990,0.19222,2
92,1990,0.22046,2
93,1990,0.24271,2
94,1990,0.27414,2
95,1990,0.2937,2
96,1990,0.32318,2
97,1990,0.35413,2
98,1990,0.38635,2
99,1990,0.4196,2
100,1990,0.4536,2
101,1990,0.48803,2
102,1990,0.52258,2
103,1990,0.55691,2
104,1990,0.59071,2
105,1990,0.62368,2
106,1990,0.65553,2
107,1990,0.68605,2
108,1990,0.71504,2
109,1990,0.74235,2
110,1990,NA,2
0,1991,0.00622,2
1,1991,0.00059,2
2,1991,0.00037,2
3,1991,0.00023,2
4,1991,0.00024,2
5,1991,2e-04,2
6,1991,0.00017,2
7,1991,0.00015,2
8,1991,0.00018,2
9,1991,0.00015,2
10,1991,0.00013,2
11,1991,0.00016,2
12,1991,0.00015,2
13,1991,0.00018,2
14,1991,0.00018,2
15,1991,0.00025,2
16,1991,0.00029,2
17,1991,0.00033,2
18,1991,0.00042,2
19,1991,0.00042,2
20,1991,0.00043,2
21,1991,4e-04,2
22,1991,5e-04,2
23,1991,0.00048,2
24,1991,0.00049,2
25,1991,0.00049,2
26,1991,0.00062,2
27,1991,0.00058,2
28,1991,0.00054,2
29,1991,0.00067,2
30,1991,0.00059,2
31,1991,0.00065,2
32,1991,7e-04,2
33,1991,0.00075,2
34,1991,0.00088,2
35,1991,0.00087,2
36,1991,0.00087,2
37,1991,0.00088,2
38,1991,0.00104,2
39,1991,0.00108,2
40,1991,0.00125,2
41,1991,0.00139,2
42,1991,0.00143,2
43,1991,0.00152,2
44,1991,0.00164,2
45,1991,0.00186,2
46,1991,0.00198,2
47,1991,0.00215,2
48,1991,0.00224,2
49,1991,0.00249,2
50,1991,0.00254,2
51,1991,0.00273,2
52,1991,0.00328,2
53,1991,0.00323,2
54,1991,0.00352,2
55,1991,0.0038,2
56,1991,0.00392,2
57,1991,0.0043,2
58,1991,0.00485,2
59,1991,0.0053,2
60,1991,0.00533,2
61,1991,0.00593,2
62,1991,0.00659,2
63,1991,0.00718,2
64,1991,0.00765,2
65,1991,0.00831,2
66,1991,0.00915,2
67,1991,0.00977,2
68,1991,0.01103,2
69,1991,0.01217,2
70,1991,0.01358,2
71,1991,0.01498,2
72,1991,0.01654,2
73,1991,0.01907,2
74,1991,0.02117,2
75,1991,0.02414,2
76,1991,0.02731,2
77,1991,0.03077,2
78,1991,0.03573,2
79,1991,0.0406,2
80,1991,0.04727,2
81,1991,0.05408,2
82,1991,0.06151,2
83,1991,0.07111,2
84,1991,0.08098,2
85,1991,0.09283,2
86,1991,0.1041,2
87,1991,0.11944,2
88,1991,0.13225,2
89,1991,0.15128,2
90,1991,0.1702,2
91,1991,0.18902,2
92,1991,0.20632,2
93,1991,0.23417,2
94,1991,0.24666,2
95,1991,0.28353,2
96,1991,0.31214,2
97,1991,0.34225,2
98,1991,0.37369,2
99,1991,0.40624,2
100,1991,0.43963,2
101,1991,0.47357,2
102,1991,0.50777,2
103,1991,0.54189,2
104,1991,0.57562,2
105,1991,0.60866,2
106,1991,0.64073,2
107,1991,0.67159,2
108,1991,0.70104,2
109,1991,0.72892,2
110,1991,NA,2
0,1992,0.00571,2
1,1992,0.00046,2
2,1992,0.00029,2
3,1992,0.00018,2
4,1992,0.00019,2
5,1992,0.00019,2
6,1992,0.00018,2
7,1992,0.00016,2
8,1992,0.00013,2
9,1992,0.00016,2
10,1992,0.00012,2
11,1992,0.00014,2
12,1992,0.00014,2
13,1992,0.00016,2
14,1992,0.00019,2
15,1992,0.00023,2
16,1992,0.00028,2
17,1992,0.00034,2
18,1992,0.00041,2
19,1992,0.00038,2
20,1992,0.00039,2
21,1992,0.00036,2
22,1992,5e-04,2
23,1992,0.00047,2
24,1992,0.00048,2
25,1992,0.00053,2
26,1992,0.00053,2
27,1992,0.00054,2
28,1992,0.00065,2
29,1992,0.00062,2
30,1992,0.00071,2
31,1992,0.00069,2
32,1992,0.00076,2
33,1992,0.00083,2
34,1992,0.00077,2
35,1992,0.00099,2
36,1992,0.00092,2
37,1992,0.00104,2
38,1992,0.00101,2
39,1992,0.00122,2
40,1992,0.00122,2
41,1992,0.00127,2
42,1992,0.00134,2
43,1992,0.00154,2
44,1992,0.00157,2
45,1992,0.00184,2
46,1992,0.00191,2
47,1992,0.00212,2
48,1992,0.00235,2
49,1992,0.00244,2
50,1992,0.00245,2
51,1992,0.00262,2
52,1992,0.00297,2
53,1992,0.00329,2
54,1992,0.00371,2
55,1992,0.00376,2
56,1992,0.00402,2
57,1992,0.00431,2
58,1992,0.00467,2
59,1992,0.00494,2
60,1992,0.00532,2
61,1992,0.00588,2
62,1992,0.00625,2
63,1992,0.00683,2
64,1992,0.00745,2
65,1992,0.00815,2
66,1992,0.00921,2
67,1992,0.00972,2
68,1992,0.01072,2
69,1992,0.01144,2
70,1992,0.01308,2
71,1992,0.01446,2
72,1992,0.01657,2
73,1992,0.01846,2
74,1992,0.02112,2
75,1992,0.02358,2
76,1992,0.0277,2
77,1992,0.02992,2
78,1992,0.03361,2
79,1992,0.03885,2
80,1992,0.04486,2
81,1992,0.05142,2
82,1992,0.05951,2
83,1992,0.06803,2
84,1992,0.07925,2
85,1992,0.08825,2
86,1992,0.10046,2
87,1992,0.11514,2
88,1992,0.12974,2
89,1992,0.14815,2
90,1992,0.16337,2
91,1992,0.18308,2
92,1992,0.19993,2
93,1992,0.22854,2
94,1992,0.2496,2
95,1992,0.27781,2
96,1992,0.30635,2
97,1992,0.33645,2
98,1992,0.36793,2
99,1992,0.40059,2
100,1992,0.43415,2
101,1992,0.46833,2
102,1992,0.50281,2
103,1992,0.53726,2
104,1992,0.57136,2
105,1992,0.6048,2
106,1992,0.63728,2
107,1992,0.66856,2
108,1992,0.69841,2
109,1992,0.72668,2
110,1992,NA,2
0,1993,0.00538,2
1,1993,0.00044,2
2,1993,0.00031,2
3,1993,0.00019,2
4,1993,0.00021,2
5,1993,0.00018,2
6,1993,0.00014,2
7,1993,0.00014,2
8,1993,0.00019,2
9,1993,0.00013,2
10,1993,0.00016,2
11,1993,0.00014,2
12,1993,0.00014,2
13,1993,0.00014,2
14,1993,0.00017,2
15,1993,0.00022,2
16,1993,0.00034,2
17,1993,0.00035,2
18,1993,0.00045,2
19,1993,0.00046,2
20,1993,0.00036,2
21,1993,0.00053,2
22,1993,0.00045,2
23,1993,0.00037,2
24,1993,0.00048,2
25,1993,0.00046,2
26,1993,0.00054,2
27,1993,0.00055,2
28,1993,0.00066,2
29,1993,0.00065,2
30,1993,0.00064,2
31,1993,0.00074,2
32,1993,0.00077,2
33,1993,0.00082,2
34,1993,0.00072,2
35,1993,0.00086,2
36,1993,9e-04,2
37,1993,0.00092,2
38,1993,0.00103,2
39,1993,0.0012,2
40,1993,0.00125,2
41,1993,0.00138,2
42,1993,0.00142,2
43,1993,0.00159,2
44,1993,0.00175,2
45,1993,0.0018,2
46,1993,0.00198,2
47,1993,0.00211,2
48,1993,0.00223,2
49,1993,0.00259,2
50,1993,0.0026,2
51,1993,0.00283,2
52,1993,0.00296,2
53,1993,0.00315,2
54,1993,0.00342,2
55,1993,0.00392,2
56,1993,0.00413,2
57,1993,0.00443,2
58,1993,0.00463,2
59,1993,0.0049,2
60,1993,0.00549,2
61,1993,0.0058,2
62,1993,0.00642,2
63,1993,0.00701,2
64,1993,0.00742,2
65,1993,0.00814,2
66,1993,0.00883,2
67,1993,0.00987,2
68,1993,0.01082,2
69,1993,0.01187,2
70,1993,0.01286,2
71,1993,0.01432,2
72,1993,0.01605,2
73,1993,0.01768,2
74,1993,0.02052,2
75,1993,0.02364,2
76,1993,0.02594,2
77,1993,0.03042,2
78,1993,0.03444,2
79,1993,0.0388,2
80,1993,0.04549,2
81,1993,0.05118,2
82,1993,0.05843,2
83,1993,0.06842,2
84,1993,0.07875,2
85,1993,0.08905,2
86,1993,0.10376,2
87,1993,0.11637,2
88,1993,0.13112,2
89,1993,0.15127,2
90,1993,0.16152,2
91,1993,0.1873,2
92,1993,0.20924,2
93,1993,0.22815,2
94,1993,0.24761,2
95,1993,0.2821,2
96,1993,0.31118,2
97,1993,0.34183,2
98,1993,0.37386,2
99,1993,0.40704,2
100,1993,0.44108,2
101,1993,0.4757,2
102,1993,0.51054,2
103,1993,0.54528,2
104,1993,0.57959,2
105,1993,0.61315,2
106,1993,0.64566,2
107,1993,0.67689,2
108,1993,0.70661,2
109,1993,0.73467,2
110,1993,NA,2
0,1994,0.00514,2
1,1994,0.00048,2
2,1994,0.00024,2
3,1994,0.00015,2
4,1994,0.00016,2
5,1994,0.00016,2
6,1994,0.00016,2
7,1994,0.00012,2
8,1994,0.00015,2
9,1994,0.00012,2
10,1994,0.00015,2
11,1994,0.00011,2
12,1994,0.00016,2
13,1994,0.00018,2
14,1994,0.00018,2
15,1994,0.00021,2
16,1994,0.00024,2
17,1994,0.00031,2
18,1994,0.00036,2
19,1994,0.00037,2
20,1994,0.00041,2
21,1994,0.00045,2
22,1994,0.00039,2
23,1994,0.00041,2
24,1994,0.00048,2
25,1994,5e-04,2
26,1994,0.00051,2
27,1994,6e-04,2
28,1994,0.00054,2
29,1994,0.00054,2
30,1994,0.00066,2
31,1994,0.00074,2
32,1994,0.00068,2
33,1994,0.00081,2
34,1994,0.00079,2
35,1994,0.00085,2
36,1994,0.00091,2
37,1994,0.00107,2
38,1994,0.00118,2
39,1994,0.0011,2
40,1994,0.00125,2
41,1994,0.00125,2
42,1994,0.00137,2
43,1994,0.00154,2
44,1994,0.00168,2
45,1994,0.00166,2
46,1994,0.0019,2
47,1994,0.00216,2
48,1994,0.00236,2
49,1994,0.00255,2
50,1994,0.00264,2
51,1994,0.00276,2
52,1994,0.00301,2
53,1994,0.00308,2
54,1994,0.00349,2
55,1994,0.00375,2
56,1994,0.00406,2
57,1994,0.00413,2
58,1994,0.00432,2
59,1994,0.00481,2
60,1994,0.00529,2
61,1994,0.00564,2
62,1994,0.00619,2
63,1994,0.00656,2
64,1994,0.00712,2
65,1994,0.00791,2
66,1994,0.00884,2
67,1994,0.00951,2
68,1994,0.01051,2
69,1994,0.01162,2
70,1994,0.01259,2
71,1994,0.01381,2
72,1994,0.01577,2
73,1994,0.01753,2
74,1994,0.0199,2
75,1994,0.02246,2
76,1994,0.02498,2
77,1994,0.02834,2
78,1994,0.03344,2
79,1994,0.03709,2
80,1994,0.04354,2
81,1994,0.04838,2
82,1994,0.056,2
83,1994,0.06268,2
84,1994,0.07334,2
85,1994,0.08445,2
86,1994,0.09742,2
87,1994,0.10654,2
88,1994,0.12231,2
89,1994,0.13813,2
90,1994,0.15765,2
91,1994,0.17498,2
92,1994,0.19602,2
93,1994,0.21796,2
94,1994,0.23456,2
95,1994,0.26667,2
96,1994,0.29463,2
97,1994,0.32423,2
98,1994,0.35531,2
99,1994,0.38766,2
100,1994,0.42102,2
101,1994,0.45513,2
102,1994,0.48966,2
103,1994,0.52429,2
104,1994,0.55869,2
105,1994,0.59253,2
106,1994,0.62552,2
107,1994,0.65738,2
108,1994,0.68789,2
109,1994,0.71684,2
110,1994,NA,2
0,1995,0.00447,2
1,1995,0.00051,2
2,1995,0.00023,2
3,1995,0.00021,2
4,1995,0.00018,2
5,1995,0.00013,2
6,1995,0.00015,2
7,1995,0.00012,2
8,1995,0.00014,2
9,1995,0.00012,2
10,1995,9e-05,2
11,1995,0.00018,2
12,1995,0.00018,2
13,1995,0.00014,2
14,1995,0.00019,2
15,1995,0.00022,2
16,1995,0.00026,2
17,1995,0.00033,2
18,1995,0.00037,2
19,1995,0.00042,2
20,1995,0.00041,2
21,1995,0.00041,2
22,1995,0.00045,2
23,1995,0.00046,2
24,1995,0.00045,2
25,1995,0.00049,2
26,1995,0.00048,2
27,1995,0.00056,2
28,1995,0.00056,2
29,1995,0.00063,2
30,1995,0.00071,2
31,1995,0.00065,2
32,1995,0.00077,2
33,1995,8e-04,2
34,1995,0.00079,2
35,1995,0.00091,2
36,1995,0.00088,2
37,1995,0.00097,2
38,1995,0.00108,2
39,1995,0.00124,2
40,1995,0.00133,2
41,1995,0.00139,2
42,1995,0.0014,2
43,1995,0.00163,2
44,1995,0.00167,2
45,1995,0.00174,2
46,1995,0.00191,2
47,1995,0.00218,2
48,1995,0.00224,2
49,1995,0.00246,2
50,1995,0.00269,2
51,1995,0.00271,2
52,1995,0.00287,2
53,1995,0.00315,2
54,1995,0.00322,2
55,1995,0.00356,2
56,1995,0.00367,2
57,1995,0.00414,2
58,1995,0.00426,2
59,1995,0.00468,2
60,1995,0.00524,2
61,1995,0.00573,2
62,1995,0.00626,2
63,1995,0.00659,2
64,1995,0.00693,2
65,1995,0.00789,2
66,1995,0.00911,2
67,1995,0.00965,2
68,1995,0.01042,2
69,1995,0.01137,2
70,1995,0.01231,2
71,1995,0.01388,2
72,1995,0.01585,2
73,1995,0.01754,2
74,1995,0.02014,2
75,1995,0.02251,2
76,1995,0.02482,2
77,1995,0.02881,2
78,1995,0.03332,2
79,1995,0.0381,2
80,1995,0.04245,2
81,1995,0.04837,2
82,1995,0.05503,2
83,1995,0.06572,2
84,1995,0.07286,2
85,1995,0.08468,2
86,1995,0.09694,2
87,1995,0.11161,2
88,1995,0.12648,2
89,1995,0.1408,2
90,1995,0.15798,2
91,1995,0.17391,2
92,1995,0.19982,2
93,1995,0.21961,2
94,1995,0.24361,2
95,1995,0.27398,2
96,1995,0.30299,2
97,1995,0.33366,2
98,1995,0.3658,2
99,1995,0.39919,2
100,1995,0.43354,2
101,1995,0.46854,2
102,1995,0.50385,2
103,1995,0.53913,2
104,1995,0.57402,2
105,1995,0.60818,2
106,1995,0.64132,2
107,1995,0.67316,2
108,1995,0.70348,2
109,1995,0.73211,2
110,1995,NA,2
0,1996,0.0042,2
1,1996,4e-04,2
2,1996,0.00022,2
3,1996,0.00016,2
4,1996,0.00017,2
5,1996,0.00015,2
6,1996,0.00013,2
7,1996,0.00012,2
8,1996,0.00014,2
9,1996,0.00011,2
10,1996,0.00011,2
11,1996,0.00012,2
12,1996,0.00014,2
13,1996,0.00011,2
14,1996,0.00016,2
15,1996,0.00026,2
16,1996,0.00023,2
17,1996,0.00027,2
18,1996,0.00034,2
19,1996,0.00034,2
20,1996,4e-04,2
21,1996,0.00043,2
22,1996,0.00044,2
23,1996,0.00039,2
24,1996,0.00044,2
25,1996,0.00041,2
26,1996,0.00053,2
27,1996,0.00052,2
28,1996,0.00047,2
29,1996,0.00056,2
30,1996,0.00062,2
31,1996,0.00069,2
32,1996,0.00069,2
33,1996,0.00078,2
34,1996,0.00079,2
35,1996,0.00089,2
36,1996,0.00091,2
37,1996,0.00104,2
38,1996,0.00106,2
39,1996,0.00116,2
40,1996,0.00121,2
41,1996,0.00131,2
42,1996,0.00145,2
43,1996,0.00153,2
44,1996,0.00169,2
45,1996,0.00177,2
46,1996,0.00188,2
47,1996,0.00211,2
48,1996,0.0021,2
49,1996,0.00251,2
50,1996,0.0025,2
51,1996,0.00289,2
52,1996,0.00303,2
53,1996,0.00315,2
54,1996,0.0032,2
55,1996,0.00331,2
56,1996,0.00398,2
57,1996,0.00416,2
58,1996,0.00441,2
59,1996,0.00481,2
60,1996,0.00517,2
61,1996,0.0055,2
62,1996,0.00603,2
63,1996,0.00646,2
64,1996,0.00712,2
65,1996,0.00805,2
66,1996,0.00834,2
67,1996,0.00935,2
68,1996,0.01047,2
69,1996,0.01102,2
70,1996,0.01288,2
71,1996,0.01368,2
72,1996,0.01546,2
73,1996,0.0178,2
74,1996,0.02003,2
75,1996,0.02201,2
76,1996,0.0244,2
77,1996,0.02839,2
78,1996,0.03249,2
79,1996,0.03666,2
80,1996,0.04345,2
81,1996,0.04753,2
82,1996,0.05563,2
83,1996,0.0631,2
84,1996,0.07294,2
85,1996,0.08437,2
86,1996,0.09522,2
87,1996,0.10793,2
88,1996,0.12527,2
89,1996,0.14005,2
90,1996,0.15972,2
91,1996,0.18207,2
92,1996,0.19963,2
93,1996,0.22157,2
94,1996,0.24463,2
95,1996,0.2745,2
96,1996,0.30373,2
97,1996,0.33464,2
98,1996,0.36703,2
99,1996,0.40068,2
100,1996,0.43528,2
101,1996,0.47053,2
102,1996,0.50608,2
103,1996,0.54156,2
104,1996,0.57663,2
105,1996,0.61094,2
106,1996,0.64419,2
107,1996,0.6761,2
108,1996,0.70645,2
109,1996,0.73508,2
110,1996,NA,2
0,1997,0.00417,2
1,1997,0.00041,2
2,1997,0.00021,2
3,1997,0.00025,2
4,1997,0.00016,2
5,1997,1e-04,2
6,1997,9e-05,2
7,1997,0.00012,2
8,1997,0.00012,2
9,1997,0.00013,2
10,1997,0.00013,2
11,1997,1e-04,2
12,1997,0.00016,2
13,1997,0.00015,2
14,1997,0.00015,2
15,1997,0.00022,2
16,1997,0.00024,2
17,1997,0.00029,2
18,1997,0.00035,2
19,1997,0.00042,2
20,1997,0.00034,2
21,1997,4e-04,2
22,1997,0.00037,2
23,1997,0.00035,2
24,1997,4e-04,2
25,1997,0.00036,2
26,1997,0.00042,2
27,1997,0.00039,2
28,1997,0.00041,2
29,1997,0.00049,2
30,1997,0.00057,2
31,1997,0.00056,2
32,1997,0.00063,2
33,1997,0.00056,2
34,1997,0.00077,2
35,1997,0.00075,2
36,1997,0.00083,2
37,1997,0.00087,2
38,1997,0.00099,2
39,1997,0.00112,2
40,1997,0.00116,2
41,1997,0.0013,2
42,1997,0.00131,2
43,1997,0.00153,2
44,1997,0.00164,2
45,1997,0.00184,2
46,1997,0.00195,2
47,1997,0.00201,2
48,1997,0.00221,2
49,1997,0.00234,2
50,1997,0.00251,2
51,1997,0.00291,2
52,1997,0.00297,2
53,1997,0.00334,2
54,1997,0.00333,2
55,1997,0.00354,2
56,1997,0.00379,2
57,1997,0.00389,2
58,1997,0.00431,2
59,1997,0.0045,2
60,1997,0.00496,2
61,1997,0.00537,2
62,1997,0.00572,2
63,1997,0.00627,2
64,1997,0.00684,2
65,1997,0.00763,2
66,1997,0.00844,2
67,1997,0.00932,2
68,1997,0.01017,2
69,1997,0.01129,2
70,1997,0.01234,2
71,1997,0.01313,2
72,1997,0.01504,2
73,1997,0.01686,2
74,1997,0.01924,2
75,1997,0.02142,2
76,1997,0.02465,2
77,1997,0.02752,2
78,1997,0.03139,2
79,1997,0.03696,2
80,1997,0.0406,2
81,1997,0.04861,2
82,1997,0.05377,2
83,1997,0.0615,2
84,1997,0.07064,2
85,1997,0.08243,2
86,1997,0.0941,2
87,1997,0.10642,2
88,1997,0.12162,2
89,1997,0.13972,2
90,1997,0.1561,2
91,1997,0.17461,2
92,1997,0.19653,2
93,1997,0.21709,2
94,1997,0.2431,2
95,1997,0.27064,2
96,1997,0.29972,2
97,1997,0.3305,2
98,1997,0.36281,2
99,1997,0.39641,2
100,1997,0.43101,2
101,1997,0.4663,2
102,1997,0.50194,2
103,1997,0.53755,2
104,1997,0.57278,2
105,1997,0.60729,2
106,1997,0.64076,2
107,1997,0.67291,2
108,1997,0.70352,2
109,1997,0.7324,2
110,1997,NA,2
0,1998,0.00425,2
1,1998,0.00031,2
2,1998,0.00023,2
3,1998,0.00015,2
4,1998,1e-04,2
5,1998,0.00015,2
6,1998,0.00012,2
7,1998,0.00012,2
8,1998,0.00014,2
9,1998,1e-04,2
10,1998,1e-04,2
11,1998,0.00012,2
12,1998,0.00013,2
13,1998,0.00014,2
14,1998,0.00019,2
15,1998,0.00019,2
16,1998,0.00024,2
17,1998,0.00024,2
18,1998,0.00039,2
19,1998,0.00029,2
20,1998,0.00039,2
21,1998,0.00037,2
22,1998,0.00047,2
23,1998,0.00041,2
24,1998,0.00038,2
25,1998,0.00041,2
26,1998,0.00044,2
27,1998,0.00043,2
28,1998,0.00043,2
29,1998,0.00046,2
30,1998,0.00051,2
31,1998,0.00052,2
32,1998,6e-04,2
33,1998,0.00063,2
34,1998,0.00064,2
35,1998,0.00079,2
36,1998,0.00077,2
37,1998,0.00085,2
38,1998,0.00104,2
39,1998,0.00111,2
40,1998,0.00108,2
41,1998,0.00129,2
42,1998,0.0013,2
43,1998,0.0016,2
44,1998,0.00161,2
45,1998,0.00176,2
46,1998,0.00188,2
47,1998,0.002,2
48,1998,0.00208,2
49,1998,0.00228,2
50,1998,0.00251,2
51,1998,0.00262,2
52,1998,0.00302,2
53,1998,0.00314,2
54,1998,0.00336,2
55,1998,0.00351,2
56,1998,0.00369,2
57,1998,0.00406,2
58,1998,0.00435,2
59,1998,0.00464,2
60,1998,0.00505,2
61,1998,0.00514,2
62,1998,0.00587,2
63,1998,0.006,2
64,1998,0.00697,2
65,1998,0.00754,2
66,1998,0.00836,2
67,1998,0.00928,2
68,1998,0.00937,2
69,1998,0.01082,2
70,1998,0.01216,2
71,1998,0.01347,2
72,1998,0.01489,2
73,1998,0.01691,2
74,1998,0.01914,2
75,1998,0.02105,2
76,1998,0.02416,2
77,1998,0.02709,2
78,1998,0.03078,2
79,1998,0.03599,2
80,1998,0.04044,2
81,1998,0.04549,2
82,1998,0.0559,2
83,1998,0.06158,2
84,1998,0.07112,2
85,1998,0.08155,2
86,1998,0.0933,2
87,1998,0.10573,2
88,1998,0.12095,2
89,1998,0.13668,2
90,1998,0.15326,2
91,1998,0.17433,2
92,1998,0.19608,2
93,1998,0.21981,2
94,1998,0.24322,2
95,1998,0.2703,2
96,1998,0.29945,2
97,1998,0.33032,2
98,1998,0.36272,2
99,1998,0.39642,2
100,1998,0.43114,2
101,1998,0.46654,2
102,1998,0.50229,2
103,1998,0.53801,2
104,1998,0.57335,2
105,1998,0.60795,2
106,1998,0.6415,2
107,1998,0.67372,2
108,1998,0.70438,2
109,1998,0.7333,2
110,1998,NA,2
0,1999,0.0039,2
1,1999,0.00037,2
2,1999,2e-04,2
3,1999,0.00019,2
4,1999,1e-04,2
5,1999,0.00016,2
6,1999,0.00011,2
7,1999,1e-04,2
8,1999,0.00014,2
9,1999,0.00012,2
10,1999,0.00012,2
11,1999,0.00013,2
12,1999,0.00012,2
13,1999,0.00014,2
14,1999,0.00014,2
15,1999,0.00022,2
16,1999,2e-04,2
17,1999,0.00029,2
18,1999,0.00033,2
19,1999,0.00036,2
20,1999,0.00041,2
21,1999,0.00037,2
22,1999,0.00038,2
23,1999,0.00046,2
24,1999,3e-04,2
25,1999,4e-04,2
26,1999,0.00039,2
27,1999,0.00046,2
28,1999,4e-04,2
29,1999,0.00043,2
30,1999,0.00051,2
31,1999,0.00047,2
32,1999,0.00059,2
33,1999,0.00055,2
34,1999,0.00069,2
35,1999,0.00077,2
36,1999,0.00083,2
37,1999,0.00086,2
38,1999,0.00095,2
39,1999,0.00103,2
40,1999,0.00119,2
41,1999,0.0014,2
42,1999,0.0014,2
43,1999,0.00145,2
44,1999,0.00163,2
45,1999,0.0018,2
46,1999,0.00186,2
47,1999,0.00206,2
48,1999,0.00224,2
49,1999,0.00232,2
50,1999,0.00258,2
51,1999,0.0026,2
52,1999,0.00301,2
53,1999,0.00294,2
54,1999,0.00337,2
55,1999,0.00355,2
56,1999,0.00352,2
57,1999,0.004,2
58,1999,0.00413,2
59,1999,0.00444,2
60,1999,0.00527,2
61,1999,0.0051,2
62,1999,0.00555,2
63,1999,0.00605,2
64,1999,0.0066,2
65,1999,0.00698,2
66,1999,0.00781,2
67,1999,0.00863,2
68,1999,0.0097,2
69,1999,0.01082,2
70,1999,0.01166,2
71,1999,0.01317,2
72,1999,0.01465,2
73,1999,0.01646,2
74,1999,0.01834,2
75,1999,0.02073,2
76,1999,0.02398,2
77,1999,0.02751,2
78,1999,0.03097,2
79,1999,0.0355,2
80,1999,0.04038,2
81,1999,0.04639,2
82,1999,0.0539,2
83,1999,0.06314,2
84,1999,0.07107,2
85,1999,0.08107,2
86,1999,0.09316,2
87,1999,0.10643,2
88,1999,0.12199,2
89,1999,0.13714,2
90,1999,0.15579,2
91,1999,0.17507,2
92,1999,0.19738,2
93,1999,0.21695,2
94,1999,0.24746,2
95,1999,0.27123,2
96,1999,0.30048,2
97,1999,0.33145,2
98,1999,0.36396,2
99,1999,0.39775,2
100,1999,0.43255,2
101,1999,0.46803,2
102,1999,0.50383,2
103,1999,0.5396,2
104,1999,0.57496,2
105,1999,0.60957,2
106,1999,0.64311,2
107,1999,0.67531,2
108,1999,0.70593,2
109,1999,0.73479,2
110,1999,NA,2
0,2000,0.00393,2
1,2000,0.00042,2
2,2000,2e-04,2
3,2000,0.00016,2
4,2000,0.00013,2
5,2000,1e-04,2
6,2000,0.00012,2
7,2000,1e-04,2
8,2000,1e-04,2
9,2000,0.00013,2
10,2000,8e-05,2
11,2000,0.00012,2
12,2000,0.00014,2
13,2000,0.00015,2
14,2000,0.00014,2
15,2000,0.00022,2
16,2000,0.00025,2
17,2000,0.00028,2
18,2000,0.00036,2
19,2000,0.00034,2
20,2000,0.00035,2
21,2000,0.00033,2
22,2000,3e-04,2
23,2000,0.00036,2
24,2000,0.00036,2
25,2000,0.00037,2
26,2000,0.00035,2
27,2000,0.00037,2
28,2000,0.00032,2
29,2000,3e-04,2
30,2000,0.00049,2
31,2000,0.00052,2
32,2000,0.00057,2
33,2000,0.00059,2
34,2000,0.00066,2
35,2000,0.00072,2
36,2000,0.00085,2
37,2000,0.00086,2
38,2000,0.00088,2
39,2000,0.00107,2
40,2000,0.00111,2
41,2000,0.00133,2
42,2000,0.00136,2
43,2000,0.00138,2
44,2000,0.00162,2
45,2000,0.00173,2
46,2000,0.00197,2
47,2000,0.00213,2
48,2000,0.00232,2
49,2000,0.00237,2
50,2000,0.00243,2
51,2000,0.00262,2
52,2000,0.00292,2
53,2000,0.0029,2
54,2000,0.00314,2
55,2000,0.0036,2
56,2000,0.0037,2
57,2000,0.00398,2
58,2000,0.00386,2
59,2000,0.00436,2
60,2000,0.00484,2
61,2000,0.00488,2
62,2000,0.00564,2
63,2000,0.00578,2
64,2000,0.00646,2
65,2000,0.007,2
66,2000,0.00762,2
67,2000,0.00832,2
68,2000,0.00933,2
69,2000,0.01059,2
70,2000,0.01163,2
71,2000,0.01286,2
72,2000,0.01438,2
73,2000,0.0157,2
74,2000,0.01785,2
75,2000,0.01969,2
76,2000,0.0229,2
77,2000,0.02559,2
78,2000,0.02982,2
79,2000,0.0338,2
80,2000,0.03878,2
81,2000,0.04575,2
82,2000,0.05023,2
83,2000,0.0599,2
84,2000,0.07069,2
85,2000,0.07956,2
86,2000,0.08982,2
87,2000,0.10342,2
88,2000,0.11845,2
89,2000,0.13146,2
90,2000,0.15003,2
91,2000,0.16882,2
92,2000,0.1931,2
93,2000,0.21427,2
94,2000,0.2411,2
95,2000,0.26485,2
96,2000,0.29379,2
97,2000,0.3245,2
98,2000,0.3568,2
99,2000,0.39045,2
100,2000,0.42519,2
101,2000,0.46067,2
102,2000,0.49656,2
103,2000,0.53248,2
104,2000,0.56807,2
105,2000,0.60297,2
106,2000,0.63686,2
107,2000,0.66943,2
108,2000,0.70046,2
109,2000,0.72976,2
110,2000,NA,2
0,2001,0.00401,2
1,2001,0.00035,2
2,2001,0.00022,2
3,2001,0.00022,2
4,2001,0.00015,2
5,2001,0.00012,2
6,2001,0.00013,2
7,2001,6e-05,2
8,2001,9e-05,2
9,2001,7e-05,2
10,2001,0.00011,2
11,2001,9e-05,2
12,2001,0.00013,2
13,2001,0.00012,2
14,2001,0.00018,2
15,2001,0.00021,2
16,2001,0.00024,2
17,2001,0.00027,2
18,2001,0.00035,2
19,2001,4e-04,2
20,2001,0.00039,2
21,2001,0.00035,2
22,2001,0.00031,2
23,2001,0.00034,2
24,2001,0.00034,2
25,2001,0.00039,2
26,2001,3e-04,2
27,2001,0.00039,2
28,2001,0.00043,2
29,2001,0.00039,2
30,2001,4e-04,2
31,2001,0.00043,2
32,2001,0.00054,2
33,2001,0.00061,2
34,2001,0.00058,2
35,2001,0.00073,2
36,2001,0.00077,2
37,2001,0.00085,2
38,2001,0.00099,2
39,2001,0.00104,2
40,2001,0.00112,2
41,2001,0.00121,2
42,2001,0.00129,2
43,2001,0.00161,2
44,2001,0.00163,2
45,2001,0.00186,2
46,2001,0.00193,2
47,2001,0.00209,2
48,2001,0.00217,2
49,2001,0.00238,2
50,2001,0.00257,2
51,2001,0.00242,2
52,2001,0.00278,2
53,2001,0.00301,2
54,2001,0.00305,2
55,2001,0.0034,2
56,2001,0.00368,2
57,2001,0.00397,2
58,2001,0.00423,2
59,2001,0.0045,2
60,2001,0.00457,2
61,2001,0.00502,2
62,2001,0.00561,2
63,2001,0.00585,2
64,2001,0.00641,2
65,2001,0.00699,2
66,2001,0.00754,2
67,2001,0.00834,2
68,2001,0.00902,2
69,2001,0.00997,2
70,2001,0.01121,2
71,2001,0.01277,2
72,2001,0.0137,2
73,2001,0.01576,2
74,2001,0.01788,2
75,2001,0.01991,2
76,2001,0.02191,2
77,2001,0.02529,2
78,2001,0.02831,2
79,2001,0.03326,2
80,2001,0.03852,2
81,2001,0.04444,2
82,2001,0.04986,2
83,2001,0.05709,2
84,2001,0.06679,2
85,2001,0.07868,2
86,2001,0.0867,2
87,2001,0.09948,2
88,2001,0.1136,2
89,2001,0.13055,2
90,2001,0.14358,2
91,2001,0.17065,2
92,2001,0.19116,2
93,2001,0.21468,2
94,2001,0.23233,2
95,2001,0.26175,2
96,2001,0.29077,2
97,2001,0.32161,2
98,2001,0.35409,2
99,2001,0.38797,2
100,2001,0.42297,2
101,2001,0.45876,2
102,2001,0.49498,2
103,2001,0.53126,2
104,2001,0.56721,2
105,2001,0.60246,2
106,2001,0.63668,2
107,2001,0.66957,2
108,2001,0.70089,2
109,2001,0.73043,2
110,2001,NA,2
0,2002,0.00373,2
1,2002,0.00031,2
2,2002,0.00021,2
3,2002,0.00015,2
4,2002,0.00014,2
5,2002,0.00012,2
6,2002,0.00011,2
7,2002,0.00011,2
8,2002,9e-05,2
9,2002,0.00012,2
10,2002,0.00013,2
11,2002,1e-04,2
12,2002,0.00012,2
13,2002,1e-04,2
14,2002,0.00015,2
15,2002,0.00016,2
16,2002,0.00022,2
17,2002,0.00022,2
18,2002,0.00038,2
19,2002,0.00033,2
20,2002,0.00034,2
21,2002,0.00031,2
22,2002,0.00041,2
23,2002,0.00027,2
24,2002,0.00035,2
25,2002,0.00037,2
26,2002,0.00033,2
27,2002,0.00036,2
28,2002,0.00039,2
29,2002,4e-04,2
30,2002,0.00039,2
31,2002,0.00041,2
32,2002,0.00048,2
33,2002,0.00052,2
34,2002,6e-04,2
35,2002,0.00066,2
36,2002,0.00073,2
37,2002,0.00078,2
38,2002,0.00089,2
39,2002,0.00101,2
40,2002,0.00109,2
41,2002,0.0013,2
42,2002,0.0014,2
43,2002,0.00148,2
44,2002,0.0017,2
45,2002,0.00182,2
46,2002,0.00189,2
47,2002,0.00204,2
48,2002,0.00221,2
49,2002,0.00253,2
50,2002,0.00241,2
51,2002,0.00267,2
52,2002,0.00288,2
53,2002,0.00301,2
54,2002,0.00325,2
55,2002,0.00339,2
56,2002,0.00386,2
57,2002,0.0039,2
58,2002,0.00415,2
59,2002,0.00425,2
60,2002,0.00454,2
61,2002,0.00502,2
62,2002,0.00526,2
63,2002,0.0057,2
64,2002,0.00622,2
65,2002,0.00678,2
66,2002,0.00751,2
67,2002,0.00845,2
68,2002,0.00878,2
69,2002,0.01013,2
70,2002,0.01108,2
71,2002,0.0121,2
72,2002,0.01384,2
73,2002,0.01508,2
74,2002,0.01718,2
75,2002,0.01934,2
76,2002,0.02232,2
77,2002,0.02501,2
78,2002,0.02895,2
79,2002,0.03294,2
80,2002,0.03717,2
81,2002,0.0439,2
82,2002,0.05096,2
83,2002,0.05916,2
84,2002,0.06588,2
85,2002,0.07595,2
86,2002,0.0894,2
87,2002,0.09993,2
88,2002,0.11381,2
89,2002,0.13062,2
90,2002,0.14829,2
91,2002,0.16816,2
92,2002,0.19109,2
93,2002,0.21226,2
94,2002,0.23677,2
95,2002,0.2628,2
96,2002,0.29203,2
97,2002,0.32309,2
98,2002,0.35579,2
99,2002,0.3899,2
100,2002,0.42512,2
101,2002,0.46111,2
102,2002,0.49752,2
103,2002,0.53395,2
104,2002,0.57002,2
105,2002,0.60536,2
106,2002,0.63964,2
107,2002,0.67255,2
108,2002,0.70384,2
109,2002,0.73333,2
110,2002,NA,2
0,2003,0.00358,2
1,2003,0.00038,2
2,2003,0.00023,2
3,2003,0.00014,2
4,2003,0.00014,2
5,2003,0.00011,2
6,2003,1e-04,2
7,2003,0.00012,2
8,2003,8e-05,2
9,2003,9e-05,2
10,2003,8e-05,2
11,2003,6e-05,2
12,2003,0.00012,2
13,2003,1e-04,2
14,2003,0.00015,2
15,2003,0.00016,2
16,2003,0.00019,2
17,2003,0.00023,2
18,2003,0.00025,2
19,2003,0.00029,2
20,2003,0.00029,2
21,2003,0.00033,2
22,2003,3e-04,2
23,2003,0.00028,2
24,2003,0.00028,2
25,2003,0.00029,2
26,2003,0.00039,2
27,2003,0.00034,2
28,2003,0.00033,2
29,2003,0.00039,2
30,2003,0.00041,2
31,2003,0.00041,2
32,2003,0.00051,2
33,2003,0.00055,2
34,2003,6e-04,2
35,2003,7e-04,2
36,2003,0.00068,2
37,2003,7e-04,2
38,2003,0.00091,2
39,2003,0.00103,2
40,2003,0.00109,2
41,2003,0.00118,2
42,2003,0.00137,2
43,2003,0.00145,2
44,2003,0.00153,2
45,2003,0.00174,2
46,2003,0.00189,2
47,2003,0.00212,2
48,2003,0.0022,2
49,2003,0.00241,2
50,2003,0.00265,2
51,2003,0.0027,2
52,2003,0.00288,2
53,2003,0.00314,2
54,2003,0.00325,2
55,2003,0.00344,2
56,2003,0.00365,2
57,2003,0.0038,2
58,2003,0.00405,2
59,2003,0.0045,2
60,2003,0.00454,2
61,2003,0.00498,2
62,2003,0.00545,2
63,2003,0.00591,2
64,2003,0.00621,2
65,2003,0.00698,2
66,2003,0.00752,2
67,2003,0.00819,2
68,2003,0.00874,2
69,2003,0.01002,2
70,2003,0.01108,2
71,2003,0.01209,2
72,2003,0.0142,2
73,2003,0.01531,2
74,2003,0.01736,2
75,2003,0.0195,2
76,2003,0.02273,2
77,2003,0.02424,2
78,2003,0.02944,2
79,2003,0.03325,2
80,2003,0.03803,2
81,2003,0.04462,2
82,2003,0.05221,2
83,2003,0.05946,2
84,2003,0.06856,2
85,2003,0.0768,2
86,2003,0.0895,2
87,2003,0.10631,2
88,2003,0.11916,2
89,2003,0.13589,2
90,2003,0.15797,2
91,2003,0.17508,2
92,2003,0.19813,2
93,2003,0.22838,2
94,2003,0.24539,2
95,2003,0.27913,2
96,2003,0.31047,2
97,2003,0.34364,2
98,2003,0.37842,2
99,2003,0.41449,2
100,2003,0.4515,2
101,2003,0.48905,2
102,2003,0.52673,2
103,2003,0.56411,2
104,2003,0.60078,2
105,2003,0.63634,2
106,2003,0.67048,2
107,2003,0.70291,2
108,2003,0.73342,2
109,2003,0.76185,2
110,2003,NA,2
0,2004,0.00361,2
1,2004,0.00029,2
2,2004,0.00016,2
3,2004,0.00015,2
4,2004,8e-05,2
5,2004,1e-04,2
6,2004,9e-05,2
7,2004,8e-05,2
8,2004,8e-05,2
9,2004,8e-05,2
10,2004,9e-05,2
11,2004,9e-05,2
12,2004,1e-04,2
13,2004,0.00011,2
14,2004,0.00011,2
15,2004,0.00015,2
16,2004,0.00017,2
17,2004,0.00023,2
18,2004,0.00029,2
19,2004,0.00028,2
20,2004,0.00028,2
21,2004,0.00028,2
22,2004,0.00025,2
23,2004,0.00033,2
24,2004,0.00028,2
25,2004,3e-04,2
26,2004,0.00028,2
27,2004,0.00032,2
28,2004,0.00029,2
29,2004,0.00039,2
30,2004,0.00041,2
31,2004,0.00039,2
32,2004,0.00046,2
33,2004,0.00056,2
34,2004,0.00051,2
35,2004,0.00061,2
36,2004,0.00067,2
37,2004,0.00087,2
38,2004,0.00085,2
39,2004,0.00086,2
40,2004,0.00104,2
41,2004,0.00114,2
42,2004,0.00124,2
43,2004,0.00151,2
44,2004,0.00153,2
45,2004,0.00166,2
46,2004,0.00177,2
47,2004,0.00205,2
48,2004,0.00213,2
49,2004,0.00219,2
50,2004,0.00265,2
51,2004,0.00255,2
52,2004,0.00276,2
53,2004,0.00309,2
54,2004,0.00317,2
55,2004,0.00335,2
56,2004,0.00337,2
57,2004,0.00369,2
58,2004,0.00401,2
59,2004,0.00447,2
60,2004,0.00479,2
61,2004,0.00493,2
62,2004,0.00517,2
63,2004,0.00552,2
64,2004,0.00601,2
65,2004,0.00658,2
66,2004,0.00657,2
67,2004,0.00725,2
68,2004,0.00861,2
69,2004,0.00897,2
70,2004,0.0101,2
71,2004,0.01138,2
72,2004,0.01259,2
73,2004,0.01388,2
74,2004,0.01588,2
75,2004,0.01711,2
76,2004,0.02035,2
77,2004,0.02203,2
78,2004,0.02548,2
79,2004,0.02926,2
80,2004,0.03441,2
81,2004,0.03875,2
82,2004,0.04492,2
83,2004,0.05243,2
84,2004,0.0594,2
85,2004,0.06878,2
86,2004,0.07846,2
87,2004,0.09087,2
88,2004,0.10224,2
89,2004,0.1169,2
90,2004,0.13198,2
91,2004,0.14982,2
92,2004,0.17171,2
93,2004,0.19251,2
94,2004,0.21625,2
95,2004,0.23844,2
96,2004,0.26573,2
97,2004,0.29493,2
98,2004,0.32592,2
99,2004,0.35851,2
100,2004,0.39246,2
101,2004,0.42748,2
102,2004,0.46325,2
103,2004,0.49939,2
104,2004,0.53555,2
105,2004,0.57133,2
106,2004,0.60638,2
107,2004,0.64038,2
108,2004,0.67301,2
109,2004,0.70406,2
110,2004,NA,2
0,2005,0.00324,2
1,2005,0.00028,2
2,2005,0.00018,2
3,2005,0.00015,2
4,2005,0.00012,2
5,2005,0.00011,2
6,2005,1e-04,2
7,2005,7e-05,2
8,2005,9e-05,2
9,2005,6e-05,2
10,2005,9e-05,2
11,2005,7e-05,2
12,2005,5e-05,2
13,2005,1e-04,2
14,2005,0.00013,2
15,2005,0.00013,2
16,2005,2e-04,2
17,2005,0.00021,2
18,2005,0.00027,2
19,2005,0.00026,2
20,2005,0.00033,2
21,2005,0.00033,2
22,2005,0.00027,2
23,2005,3e-04,2
24,2005,0.00021,2
25,2005,0.00028,2
26,2005,0.00031,2
27,2005,0.00031,2
28,2005,0.00031,2
29,2005,0.00036,2
30,2005,0.00037,2
31,2005,0.00046,2
32,2005,0.00045,2
33,2005,0.00048,2
34,2005,5e-04,2
35,2005,0.00062,2
36,2005,0.00063,2
37,2005,0.00072,2
38,2005,0.00083,2
39,2005,0.00094,2
40,2005,0.00099,2
41,2005,0.00103,2
42,2005,0.00121,2
43,2005,0.00136,2
44,2005,0.00141,2
45,2005,0.00163,2
46,2005,0.00186,2
47,2005,0.00192,2
48,2005,0.00213,2
49,2005,0.00233,2
50,2005,0.00241,2
51,2005,0.00271,2
52,2005,0.0027,2
53,2005,0.00287,2
54,2005,0.0032,2
55,2005,0.00323,2
56,2005,0.00346,2
57,2005,0.00376,2
58,2005,0.00386,2
59,2005,0.00427,2
60,2005,0.0048,2
61,2005,0.00481,2
62,2005,0.00537,2
63,2005,0.00547,2
64,2005,0.00587,2
65,2005,0.00617,2
66,2005,0.00702,2
67,2005,0.0077,2
68,2005,0.00832,2
69,2005,0.00886,2
70,2005,0.01009,2
71,2005,0.01143,2
72,2005,0.01223,2
73,2005,0.01357,2
74,2005,0.01545,2
75,2005,0.01738,2
76,2005,0.01973,2
77,2005,0.02289,2
78,2005,0.0255,2
79,2005,0.02999,2
80,2005,0.0348,2
81,2005,0.03997,2
82,2005,0.04586,2
83,2005,0.05251,2
84,2005,0.06115,2
85,2005,0.07116,2
86,2005,0.08136,2
87,2005,0.09213,2
88,2005,0.10615,2
89,2005,0.12366,2
90,2005,0.13825,2
91,2005,0.15642,2
92,2005,0.17295,2
93,2005,0.2033,2
94,2005,0.21899,2
95,2005,0.24923,2
96,2005,0.2779,2
97,2005,0.30851,2
98,2005,0.3409,2
99,2005,0.37485,2
100,2005,0.41007,2
101,2005,0.44625,2
102,2005,0.483,2
103,2005,0.51994,2
104,2005,0.55666,2
105,2005,0.59277,2
106,2005,0.6279,2
107,2005,0.66174,2
108,2005,0.694,2
109,2005,0.72446,2
110,2005,NA,2
0,2006,0.00333,2
1,2006,0.00028,2
2,2006,0.00018,2
3,2006,0.00014,2
4,2006,0.00013,2
5,2006,0.00011,2
6,2006,8e-05,2
7,2006,6e-05,2
8,2006,8e-05,2
9,2006,9e-05,2
10,2006,5e-05,2
11,2006,8e-05,2
12,2006,9e-05,2
13,2006,0.00012,2
14,2006,1e-04,2
15,2006,0.00014,2
16,2006,0.00018,2
17,2006,0.00022,2
18,2006,0.00023,2
19,2006,0.00026,2
20,2006,0.00029,2
21,2006,0.00029,2
22,2006,0.00028,2
23,2006,0.00026,2
24,2006,0.00029,2
25,2006,0.00024,2
26,2006,0.00031,2
27,2006,0.00028,2
28,2006,0.00033,2
29,2006,0.00028,2
30,2006,0.00033,2
31,2006,0.00039,2
32,2006,0.00044,2
33,2006,0.00045,2
34,2006,5e-04,2
35,2006,0.00061,2
36,2006,0.00063,2
37,2006,0.00067,2
38,2006,0.00083,2
39,2006,0.00095,2
40,2006,0.00094,2
41,2006,0.00105,2
42,2006,0.00121,2
43,2006,0.00132,2
44,2006,0.00132,2
45,2006,0.00151,2
46,2006,0.00186,2
47,2006,0.00184,2
48,2006,0.00212,2
49,2006,0.00231,2
50,2006,0.00254,2
51,2006,0.00276,2
52,2006,0.00282,2
53,2006,0.00296,2
54,2006,0.00308,2
55,2006,0.00329,2
56,2006,0.00345,2
57,2006,0.00393,2
58,2006,0.00375,2
59,2006,0.00407,2
60,2006,0.00452,2
61,2006,0.00467,2
62,2006,0.00517,2
63,2006,0.00575,2
64,2006,0.00596,2
65,2006,0.00626,2
66,2006,0.00674,2
67,2006,0.00724,2
68,2006,0.00834,2
69,2006,0.0086,2
70,2006,0.00956,2
71,2006,0.01093,2
72,2006,0.01181,2
73,2006,0.01331,2
74,2006,0.01527,2
75,2006,0.0168,2
76,2006,0.01938,2
77,2006,0.02193,2
78,2006,0.02487,2
79,2006,0.02771,2
80,2006,0.03228,2
81,2006,0.03713,2
82,2006,0.04373,2
83,2006,0.04946,2
84,2006,0.05782,2
85,2006,0.06598,2
86,2006,0.07632,2
87,2006,0.0871,2
88,2006,0.09635,2
89,2006,0.1148,2
90,2006,0.13133,2
91,2006,0.14844,2
92,2006,0.16899,2
93,2006,0.1882,2
94,2006,0.20922,2
95,2006,0.23441,2
96,2006,0.26174,2
97,2006,0.29104,2
98,2006,0.32219,2
99,2006,0.35501,2
100,2006,0.38925,2
101,2006,0.42461,2
102,2006,0.46077,2
103,2006,0.49734,2
104,2006,0.53395,2
105,2006,0.57019,2
106,2006,0.60569,2
107,2006,0.64011,2
108,2006,0.67315,2
109,2006,0.70455,2
110,2006,NA,2
0,2007,0.00312,2
1,2007,0.00028,2
2,2007,0.00016,2
3,2007,0.00012,2
4,2007,0.00011,2
5,2007,1e-04,2
6,2007,9e-05,2
7,2007,9e-05,2
8,2007,1e-04,2
9,2007,8e-05,2
10,2007,6e-05,2
11,2007,7e-05,2
12,2007,9e-05,2
13,2007,8e-05,2
14,2007,0.00012,2
15,2007,0.00011,2
16,2007,0.00018,2
17,2007,0.00018,2
18,2007,0.00023,2
19,2007,0.00023,2
20,2007,0.00025,2
21,2007,0.00026,2
22,2007,0.00018,2
23,2007,3e-04,2
24,2007,0.00027,2
25,2007,0.00024,2
26,2007,0.00031,2
27,2007,0.00033,2
28,2007,0.00033,2
29,2007,0.00033,2
30,2007,0.00035,2
31,2007,0.00035,2
32,2007,0.00036,2
33,2007,0.00042,2
34,2007,5e-04,2
35,2007,0.00052,2
36,2007,0.00057,2
37,2007,0.00071,2
38,2007,0.00075,2
39,2007,0.00085,2
40,2007,0.00089,2
41,2007,0.00102,2
42,2007,0.00114,2
43,2007,0.00122,2
44,2007,0.00143,2
45,2007,0.00154,2
46,2007,0.00164,2
47,2007,0.00183,2
48,2007,0.0021,2
49,2007,0.0022,2
50,2007,0.00243,2
51,2007,0.00256,2
52,2007,0.0027,2
53,2007,0.00293,2
54,2007,0.00303,2
55,2007,0.00322,2
56,2007,0.00347,2
57,2007,0.00374,2
58,2007,0.00396,2
59,2007,0.00422,2
60,2007,0.00461,2
61,2007,0.00457,2
62,2007,0.00522,2
63,2007,0.00567,2
64,2007,0.00573,2
65,2007,0.0061,2
66,2007,0.00663,2
67,2007,0.00687,2
68,2007,0.00788,2
69,2007,0.00864,2
70,2007,0.0098,2
71,2007,0.01018,2
72,2007,0.0118,2
73,2007,0.01295,2
74,2007,0.01451,2
75,2007,0.0163,2
76,2007,0.01866,2
77,2007,0.02067,2
78,2007,0.02382,2
79,2007,0.02779,2
80,2007,0.03246,2
81,2007,0.03679,2
82,2007,0.04177,2
83,2007,0.04851,2
84,2007,0.05584,2
85,2007,0.06525,2
86,2007,0.0743,2
87,2007,0.08677,2
88,2007,0.09992,2
89,2007,0.1134,2
90,2007,0.12706,2
91,2007,0.15015,2
92,2007,0.16384,2
93,2007,0.18462,2
94,2007,0.21271,2
95,2007,0.2329,2
96,2007,0.26027,2
97,2007,0.28963,2
98,2007,0.32088,2
99,2007,0.35381,2
100,2007,0.3882,2
101,2007,0.42373,2
102,2007,0.46007,2
103,2007,0.49684,2
104,2007,0.53364,2
105,2007,0.57008,2
106,2007,0.60578,2
107,2007,0.64038,2
108,2007,0.67359,2
109,2007,0.70513,2
110,2007,NA,2
0,2008,0.00341,2
1,2008,0.00027,2
2,2008,0.00019,2
3,2008,0.00016,2
4,2008,1e-04,2
5,2008,9e-05,2
6,2008,1e-04,2
7,2008,7e-05,2
8,2008,7e-05,2
9,2008,8e-05,2
10,2008,9e-05,2
11,2008,8e-05,2
12,2008,8e-05,2
13,2008,9e-05,2
14,2008,9e-05,2
15,2008,0.00013,2
16,2008,0.00013,2
17,2008,0.00016,2
18,2008,0.00023,2
19,2008,0.00024,2
20,2008,0.00019,2
21,2008,0.00024,2
22,2008,0.00028,2
23,2008,0.00023,2
24,2008,0.00026,2
25,2008,0.00027,2
26,2008,0.00024,2
27,2008,0.00027,2
28,2008,0.00029,2
29,2008,0.00034,2
30,2008,0.00037,2
31,2008,0.00038,2
32,2008,0.00044,2
33,2008,0.00044,2
34,2008,0.00056,2
35,2008,0.00059,2
36,2008,0.00057,2
37,2008,0.00064,2
38,2008,0.00078,2
39,2008,9e-04,2
40,2008,0.00093,2
41,2008,0.00103,2
42,2008,0.00106,2
43,2008,0.0013,2
44,2008,0.00141,2
45,2008,0.00162,2
46,2008,0.0016,2
47,2008,0.00184,2
48,2008,0.00198,2
49,2008,0.00223,2
50,2008,0.00233,2
51,2008,0.00262,2
52,2008,0.00286,2
53,2008,0.00291,2
54,2008,0.00313,2
55,2008,0.00341,2
56,2008,0.00349,2
57,2008,0.0037,2
58,2008,0.00391,2
59,2008,0.00403,2
60,2008,0.00428,2
61,2008,0.00503,2
62,2008,0.00516,2
63,2008,0.0053,2
64,2008,0.00584,2
65,2008,0.00613,2
66,2008,0.00676,2
67,2008,0.00719,2
68,2008,0.00784,2
69,2008,0.00909,2
70,2008,0.00952,2
71,2008,0.01056,2
72,2008,0.01132,2
73,2008,0.01311,2
74,2008,0.01453,2
75,2008,0.01636,2
76,2008,0.01871,2
77,2008,0.02141,2
78,2008,0.02377,2
79,2008,0.02783,2
80,2008,0.03143,2
81,2008,0.03708,2
82,2008,0.04161,2
83,2008,0.04921,2
84,2008,0.05625,2
85,2008,0.06429,2
86,2008,0.07387,2
87,2008,0.08584,2
88,2008,0.09874,2
89,2008,0.11486,2
90,2008,0.12997,2
91,2008,0.1458,2
92,2008,0.16923,2
93,2008,0.18639,2
94,2008,0.20981,2
95,2008,0.23635,2
96,2008,0.2644,2
97,2008,0.29449,2
98,2008,0.32649,2
99,2008,0.36019,2
100,2008,0.39532,2
101,2008,0.43157,2
102,2008,0.46857,2
103,2008,0.50591,2
104,2008,0.54319,2
105,2008,0.58,2
106,2008,0.61593,2
107,2008,0.65064,2
108,2008,0.68383,2
109,2008,0.71524,2
110,2008,NA,2
0,2009,0.00338,2
1,2009,0.00026,2
2,2009,0.00019,2
3,2009,0.00012,2
4,2009,0.00011,2
5,2009,9e-05,2
6,2009,8e-05,2
7,2009,6e-05,2
8,2009,1e-04,2
9,2009,8e-05,2
10,2009,7e-05,2
11,2009,7e-05,2
12,2009,6e-05,2
13,2009,0.00011,2
14,2009,0.00014,2
15,2009,0.00014,2
16,2009,0.00019,2
17,2009,0.00022,2
18,2009,0.00016,2
19,2009,0.00023,2
20,2009,0.00025,2
21,2009,0.00027,2
22,2009,0.00024,2
23,2009,0.00025,2
24,2009,0.00026,2
25,2009,0.00027,2
26,2009,0.00033,2
27,2009,0.00031,2
28,2009,0.00031,2
29,2009,0.00031,2
30,2009,0.00036,2
31,2009,0.00035,2
32,2009,0.00038,2
33,2009,0.00046,2
34,2009,0.00058,2
35,2009,0.00057,2
36,2009,0.00054,2
37,2009,0.00064,2
38,2009,0.00072,2
39,2009,0.00081,2
40,2009,0.00091,2
41,2009,0.00097,2
42,2009,0.00118,2
43,2009,0.00123,2
44,2009,0.00144,2
45,2009,0.00157,2
46,2009,0.00158,2
47,2009,0.00186,2
48,2009,0.00196,2
49,2009,0.00219,2
50,2009,0.00235,2
51,2009,0.00276,2
52,2009,0.00282,2
53,2009,0.00296,2
54,2009,0.00302,2
55,2009,0.0034,2
56,2009,0.00341,2
57,2009,0.00389,2
58,2009,0.0041,2
59,2009,0.00421,2
60,2009,0.00415,2
61,2009,0.00458,2
62,2009,0.00506,2
63,2009,0.00541,2
64,2009,0.00591,2
65,2009,0.00632,2
66,2009,0.0068,2
67,2009,0.00728,2
68,2009,0.00794,2
69,2009,0.00854,2
70,2009,0.00934,2
71,2009,0.00998,2
72,2009,0.01142,2
73,2009,0.01277,2
74,2009,0.01398,2
75,2009,0.0162,2
76,2009,0.01792,2
77,2009,0.02015,2
78,2009,0.02295,2
79,2009,0.02654,2
80,2009,0.0309,2
81,2009,0.03615,2
82,2009,0.0419,2
83,2009,0.04784,2
84,2009,0.05533,2
85,2009,0.06475,2
86,2009,0.07384,2
87,2009,0.0861,2
88,2009,0.09984,2
89,2009,0.1127,2
90,2009,0.12923,2
91,2009,0.1435,2
92,2009,0.1633,2
93,2009,0.19106,2
94,2009,0.20961,2
95,2009,0.23556,2
96,2009,0.2636,2
97,2009,0.2937,2
98,2009,0.32571,2
99,2009,0.35944,2
100,2009,0.39462,2
101,2009,0.43092,2
102,2009,0.46798,2
103,2009,0.5054,2
104,2009,0.54275,2
105,2009,0.57964,2
106,2009,0.61565,2
107,2009,0.65044,2
108,2009,0.6837,2
109,2009,0.71518,2
110,2009,NA,2
0,2010,0.00325,2
1,2010,0.00032,2
2,2010,0.00015,2
3,2010,0.00011,2
4,2010,8e-05,2
5,2010,5e-05,2
6,2010,8e-05,2
7,2010,8e-05,2
8,2010,8e-05,2
9,2010,7e-05,2
10,2010,7e-05,2
11,2010,8e-05,2
12,2010,9e-05,2
13,2010,1e-04,2
14,2010,9e-05,2
15,2010,0.00013,2
16,2010,0.00014,2
17,2010,0.00013,2
18,2010,0.00022,2
19,2010,0.00022,2
20,2010,0.00023,2
21,2010,0.00025,2
22,2010,0.00023,2
23,2010,0.00023,2
24,2010,0.00026,2
25,2010,0.00027,2
26,2010,0.00025,2
27,2010,0.00033,2
28,2010,0.00034,2
29,2010,0.00031,2
30,2010,0.00032,2
31,2010,0.00032,2
32,2010,0.00036,2
33,2010,0.00042,2
34,2010,0.00042,2
35,2010,0.00049,2
36,2010,0.00056,2
37,2010,0.00064,2
38,2010,0.00071,2
39,2010,0.00075,2
40,2010,0.00083,2
41,2010,0.00103,2
42,2010,0.00107,2
43,2010,0.0011,2
44,2010,0.00134,2
45,2010,0.00139,2
46,2010,0.00163,2
47,2010,0.00173,2
48,2010,0.002,2
49,2010,0.00213,2
50,2010,0.00235,2
51,2010,0.00264,2
52,2010,0.00259,2
53,2010,0.00288,2
54,2010,0.00317,2
55,2010,0.00323,2
56,2010,0.00355,2
57,2010,0.0038,2
58,2010,0.00395,2
59,2010,0.00421,2
60,2010,0.00459,2
61,2010,0.00452,2
62,2010,0.00512,2
63,2010,0.00536,2
64,2010,0.00567,2
65,2010,0.00633,2
66,2010,0.00666,2
67,2010,0.00721,2
68,2010,0.00789,2
69,2010,0.00842,2
70,2010,0.00889,2
71,2010,0.01009,2
72,2010,0.01137,2
73,2010,0.01213,2
74,2010,0.01376,2
75,2010,0.01526,2
76,2010,0.01768,2
77,2010,0.02002,2
78,2010,0.02272,2
79,2010,0.02595,2
80,2010,0.031,2
81,2010,0.03568,2
82,2010,0.04032,2
83,2010,0.04647,2
84,2010,0.05417,2
85,2010,0.06181,2
86,2010,0.07152,2
87,2010,0.0818,2
88,2010,0.09594,2
89,2010,0.11048,2
90,2010,0.12784,2
91,2010,0.14213,2
92,2010,0.15973,2
93,2010,0.18336,2
94,2010,0.21086,2
95,2010,0.23041,2
96,2010,0.25805,2
97,2010,0.28777,2
98,2010,0.31944,2
99,2010,0.35286,2
100,2010,0.38779,2
101,2010,0.42392,2
102,2010,0.46087,2
103,2010,0.49826,2
104,2010,0.53567,2
105,2010,0.57268,2
106,2010,0.6089,2
107,2010,0.64395,2
108,2010,0.67753,2
109,2010,0.70937,2
110,2010,NA,2
0,2011,0.00309,2
1,2011,0.00029,2
2,2011,0.00015,2
3,2011,1e-04,2
4,2011,7e-05,2
5,2011,1e-04,2
6,2011,7e-05,2
7,2011,7e-05,2
8,2011,6e-05,2
9,2011,6e-05,2
10,2011,6e-05,2
11,2011,7e-05,2
12,2011,9e-05,2
13,2011,8e-05,2
14,2011,1e-04,2
15,2011,0.00011,2
16,2011,0.00018,2
17,2011,0.00017,2
18,2011,0.00022,2
19,2011,0.00021,2
20,2011,0.00025,2
21,2011,0.00024,2
22,2011,0.00027,2
23,2011,0.00023,2
24,2011,0.00022,2
25,2011,0.00027,2
26,2011,0.00025,2
27,2011,3e-04,2
28,2011,0.00034,2
29,2011,0.00023,2
30,2011,0.00036,2
31,2011,0.00034,2
32,2011,0.00036,2
33,2011,0.00039,2
34,2011,0.00045,2
35,2011,0.00048,2
36,2011,0.00051,2
37,2011,0.00063,2
38,2011,0.00071,2
39,2011,0.00071,2
40,2011,0.00085,2
41,2011,0.00088,2
42,2011,0.00105,2
43,2011,0.00117,2
44,2011,0.00123,2
45,2011,0.00144,2
46,2011,0.00155,2
47,2011,0.00168,2
48,2011,0.00181,2
49,2011,0.00208,2
50,2011,0.00225,2
51,2011,0.00248,2
52,2011,0.00266,2
53,2011,0.00278,2
54,2011,0.00315,2
55,2011,0.00344,2
56,2011,0.00347,2
57,2011,0.00356,2
58,2011,0.0039,2
59,2011,0.00413,2
60,2011,0.00452,2
61,2011,0.00468,2
62,2011,0.0049,2
63,2011,0.00541,2
64,2011,0.00567,2
65,2011,0.00594,2
66,2011,0.00645,2
67,2011,0.00699,2
68,2011,0.00764,2
69,2011,0.00803,2
70,2011,0.00882,2
71,2011,0.00954,2
72,2011,0.01075,2
73,2011,0.0125,2
74,2011,0.01275,2
75,2011,0.01467,2
76,2011,0.01675,2
77,2011,0.01902,2
78,2011,0.02148,2
79,2011,0.02495,2
80,2011,0.02914,2
81,2011,0.03391,2
82,2011,0.03859,2
83,2011,0.04463,2
84,2011,0.051,2
85,2011,0.05983,2
86,2011,0.06903,2
87,2011,0.07915,2
88,2011,0.09043,2
89,2011,0.10434,2
90,2011,0.11975,2
91,2011,0.14067,2
92,2011,0.15655,2
93,2011,0.1749,2
94,2011,0.19781,2
95,2011,0.22291,2
96,2011,0.25007,2
97,2011,0.27935,2
98,2011,0.31064,2
99,2011,0.34376,2
100,2011,0.37848,2
101,2011,0.41448,2
102,2011,0.45142,2
103,2011,0.48891,2
104,2011,0.52652,2
105,2011,0.56384,2
106,2011,0.60044,2
107,2011,0.63596,2
108,2011,0.67005,2
109,2011,0.70244,2
110,2011,NA,2
0,2012,0.00313,2
1,2012,0.00023,2
2,2012,0.00013,2
3,2012,0.00014,2
4,2012,9e-05,2
5,2012,6e-05,2
6,2012,1e-04,2
7,2012,6e-05,2
8,2012,6e-05,2
9,2012,8e-05,2
10,2012,6e-05,2
11,2012,8e-05,2
12,2012,7e-05,2
13,2012,1e-04,2
14,2012,0.00012,2
15,2012,0.00012,2
16,2012,1e-04,2
17,2012,0.00014,2
18,2012,0.00022,2
19,2012,0.00025,2
20,2012,0.00026,2
21,2012,0.00022,2
22,2012,0.00025,2
23,2012,0.00024,2
24,2012,0.00021,2
25,2012,0.00025,2
26,2012,0.00028,2
27,2012,0.00025,2
28,2012,0.00027,2
29,2012,0.00033,2
30,2012,0.00033,2
31,2012,3e-04,2
32,2012,0.00039,2
33,2012,0.00042,2
34,2012,0.00038,2
35,2012,0.00045,2
36,2012,5e-04,2
37,2012,0.00061,2
38,2012,7e-04,2
39,2012,0.00071,2
40,2012,0.00074,2
41,2012,0.00088,2
42,2012,0.00095,2
43,2012,0.00107,2
44,2012,0.00124,2
45,2012,0.00135,2
46,2012,0.00155,2
47,2012,0.00168,2
48,2012,0.0019,2
49,2012,0.00193,2
50,2012,0.00213,2
51,2012,0.00243,2
52,2012,0.00263,2
53,2012,0.00291,2
54,2012,0.00294,2
55,2012,0.00322,2
56,2012,0.00344,2
57,2012,0.00377,2
58,2012,0.00397,2
59,2012,0.00406,2
60,2012,0.00435,2
61,2012,0.0048,2
62,2012,0.00502,2
63,2012,0.00525,2
64,2012,0.00561,2
65,2012,0.00621,2
66,2012,0.00623,2
67,2012,0.00708,2
68,2012,0.00776,2
69,2012,0.00816,2
70,2012,0.00905,2
71,2012,0.00989,2
72,2012,0.01037,2
73,2012,0.01221,2
74,2012,0.01308,2
75,2012,0.01494,2
76,2012,0.01746,2
77,2012,0.019,2
78,2012,0.02194,2
79,2012,0.02576,2
80,2012,0.03027,2
81,2012,0.03435,2
82,2012,0.03985,2
83,2012,0.04656,2
84,2012,0.05269,2
85,2012,0.06162,2
86,2012,0.07144,2
87,2012,0.08171,2
88,2012,0.09399,2
89,2012,0.10996,2
90,2012,0.12496,2
91,2012,0.14299,2
92,2012,0.164,2
93,2012,0.18704,2
94,2012,0.20752,2
95,2012,0.23643,2
96,2012,0.26547,2
97,2012,0.29669,2
98,2012,0.32993,2
99,2012,0.36496,2
100,2012,0.40148,2
101,2012,0.43913,2
102,2012,0.47749,2
103,2012,0.51612,2
104,2012,0.55456,2
105,2012,0.59236,2
106,2012,0.62909,2
107,2012,0.66439,2
108,2012,0.69794,2
109,2012,0.72951,2
110,2012,NA,2
0,2013,0.00327,2
1,2013,0.00023,2
2,2013,0.00018,2
3,2013,0.00012,2
4,2013,1e-04,2
5,2013,0.00013,2
6,2013,6e-05,2
7,2013,1e-04,2
8,2013,7e-05,2
9,2013,6e-05,2
10,2013,6e-05,2
11,2013,7e-05,2
12,2013,5e-05,2
13,2013,9e-05,2
14,2013,0.00012,2
15,2013,9e-05,2
16,2013,0.00013,2
17,2013,0.00017,2
18,2013,0.00014,2
19,2013,0.00022,2
20,2013,0.00023,2
21,2013,0.00017,2
22,2013,0.00021,2
23,2013,2e-04,2
24,2013,0.00023,2
25,2013,0.00021,2
26,2013,0.00025,2
27,2013,0.00022,2
28,2013,3e-04,2
29,2013,3e-04,2
30,2013,3e-04,2
31,2013,0.00035,2
32,2013,0.00034,2
33,2013,0.00037,2
34,2013,0.00043,2
35,2013,4e-04,2
36,2013,0.00056,2
37,2013,0.00062,2
38,2013,0.00066,2
39,2013,0.00067,2
40,2013,0.00079,2
41,2013,0.00082,2
42,2013,0.00098,2
43,2013,0.00109,2
44,2013,0.0012,2
45,2013,0.00124,2
46,2013,0.00158,2
47,2013,0.0016,2
48,2013,0.00179,2
49,2013,0.00192,2
50,2013,0.00222,2
51,2013,0.00237,2
52,2013,0.0024,2
53,2013,0.00262,2
54,2013,0.00302,2
55,2013,0.00318,2
56,2013,0.00343,2
57,2013,0.00371,2
58,2013,0.00393,2
59,2013,0.00413,2
60,2013,0.00446,2
61,2013,0.00484,2
62,2013,0.00513,2
63,2013,0.00511,2
64,2013,0.00558,2
65,2013,0.00597,2
66,2013,0.00637,2
67,2013,0.00661,2
68,2013,0.00748,2
69,2013,0.00855,2
70,2013,0.009,2
71,2013,0.00979,2
72,2013,0.0113,2
73,2013,0.01219,2
74,2013,0.01325,2
75,2013,0.01514,2
76,2013,0.01621,2
77,2013,0.01868,2
78,2013,0.02043,2
79,2013,0.02418,2
80,2013,0.02975,2
81,2013,0.03305,2
82,2013,0.03814,2
83,2013,0.04378,2
84,2013,0.05077,2
85,2013,0.06036,2
86,2013,0.07002,2
87,2013,0.07886,2
88,2013,0.09046,2
89,2013,0.10829,2
90,2013,0.12045,2
91,2013,0.14096,2
92,2013,0.15964,2
93,2013,0.17858,2
94,2013,0.20234,2
95,2013,0.22864,2
96,2013,0.25686,2
97,2013,0.28727,2
98,2013,0.31973,2
99,2013,0.35404,2
100,2013,0.38991,2
101,2013,0.42702,2
102,2013,0.46497,2
103,2013,0.50333,2
104,2013,0.54165,2
105,2013,0.57949,2
106,2013,0.61641,2
107,2013,0.65204,2
108,2013,0.68604,2
109,2013,0.71816,2
110,2013,NA,2
0,2014,0.00316,2
1,2014,0.00027,2
2,2014,0.00017,2
3,2014,9e-05,2
4,2014,6e-05,2
5,2014,7e-05,2
6,2014,7e-05,2
7,2014,7e-05,2
8,2014,8e-05,2
9,2014,7e-05,2
10,2014,6e-05,2
11,2014,8e-05,2
12,2014,5e-05,2
13,2014,9e-05,2
14,2014,8e-05,2
15,2014,0.00012,2
16,2014,0.00011,2
17,2014,0.00014,2
18,2014,0.00019,2
19,2014,0.00017,2
20,2014,0.00022,2
21,2014,0.00018,2
22,2014,0.00018,2
23,2014,0.00019,2
24,2014,2e-04,2
25,2014,0.00023,2
26,2014,0.00029,2
27,2014,0.00026,2
28,2014,0.00027,2
29,2014,3e-04,2
30,2014,0.00028,2
31,2014,3e-04,2
32,2014,0.00034,2
33,2014,0.00039,2
34,2014,0.00037,2
35,2014,0.00045,2
36,2014,0.00051,2
37,2014,0.00061,2
38,2014,0.00063,2
39,2014,0.00072,2
40,2014,0.00073,2
41,2014,0.00092,2
42,2014,0.00088,2
43,2014,0.00109,2
44,2014,0.0012,2
45,2014,0.00131,2
46,2014,0.00142,2
47,2014,0.00156,2
48,2014,0.00182,2
49,2014,0.00184,2
50,2014,0.00213,2
51,2014,0.00223,2
52,2014,0.00249,2
53,2014,0.00252,2
54,2014,0.00299,2
55,2014,0.00315,2
56,2014,0.00326,2
57,2014,0.00352,2
58,2014,0.00376,2
59,2014,0.00414,2
60,2014,0.00424,2
61,2014,0.00471,2
62,2014,0.00492,2
63,2014,0.00523,2
64,2014,0.00563,2
65,2014,0.00594,2
66,2014,0.00626,2
67,2014,0.00657,2
68,2014,0.00776,2
69,2014,0.0078,2
70,2014,0.00869,2
71,2014,0.00945,2
72,2014,0.01048,2
73,2014,0.01151,2
74,2014,0.0126,2
75,2014,0.01413,2
76,2014,0.01648,2
77,2014,0.01782,2
78,2014,0.02015,2
79,2014,0.02299,2
80,2014,0.02703,2
81,2014,0.03214,2
82,2014,0.03615,2
83,2014,0.04224,2
84,2014,0.04888,2
85,2014,0.05625,2
86,2014,0.06518,2
87,2014,0.07601,2
88,2014,0.08694,2
89,2014,0.09763,2
90,2014,0.11477,2
91,2014,0.13203,2
92,2014,0.14973,2
93,2014,0.16809,2
94,2014,0.18975,2
95,2014,0.21464,2
96,2014,0.24129,2
97,2014,0.27012,2
98,2014,0.30103,2
99,2014,0.33386,2
100,2014,0.36837,2
101,2014,0.4043,2
102,2014,0.44127,2
103,2014,0.47891,2
104,2014,0.5168,2
105,2014,0.55449,2
106,2014,0.59156,2
107,2014,0.62762,2
108,2014,0.66231,2
109,2014,0.69534,2
110,2014,NA,2
0,2015,0.00329,2
1,2015,0.00023,2
2,2015,0.00012,2
3,2015,0.00014,2
4,2015,8e-05,2
5,2015,7e-05,2
6,2015,8e-05,2
7,2015,7e-05,2
8,2015,6e-05,2
9,2015,6e-05,2
10,2015,7e-05,2
11,2015,6e-05,2
12,2015,8e-05,2
13,2015,8e-05,2
14,2015,1e-04,2
15,2015,0.00015,2
16,2015,0.00016,2
17,2015,0.00013,2
18,2015,0.00021,2
19,2015,0.00019,2
20,2015,0.00023,2
21,2015,0.00022,2
22,2015,0.00018,2
23,2015,0.00022,2
24,2015,0.00023,2
25,2015,0.00024,2
26,2015,0.00021,2
27,2015,0.00024,2
28,2015,0.00024,2
29,2015,0.00031,2
30,2015,0.00027,2
31,2015,0.00037,2
32,2015,0.00034,2
33,2015,0.00037,2
34,2015,0.00037,2
35,2015,4e-04,2
36,2015,0.00054,2
37,2015,0.00054,2
38,2015,0.00063,2
39,2015,0.00066,2
40,2015,0.00074,2
41,2015,0.00082,2
42,2015,0.00087,2
43,2015,0.00109,2
44,2015,0.00111,2
45,2015,0.00126,2
46,2015,0.00141,2
47,2015,0.0016,2
48,2015,0.00183,2
49,2015,0.00175,2
50,2015,0.00214,2
51,2015,0.00235,2
52,2015,0.00232,2
53,2015,0.00268,2
54,2015,0.00295,2
55,2015,0.00314,2
56,2015,0.00336,2
57,2015,0.00362,2
58,2015,0.00378,2
59,2015,0.00419,2
60,2015,0.00437,2
61,2015,0.00462,2
62,2015,0.00486,2
63,2015,0.00538,2
64,2015,0.00563,2
65,2015,0.00616,2
66,2015,0.00634,2
67,2015,0.00679,2
68,2015,0.00739,2
69,2015,0.00818,2
70,2015,0.0089,2
71,2015,0.00998,2
72,2015,0.01078,2
73,2015,0.01199,2
74,2015,0.013,2
75,2015,0.01489,2
76,2015,0.01698,2
77,2015,0.01834,2
78,2015,0.02046,2
79,2015,0.02353,2
80,2015,0.02733,2
81,2015,0.03316,2
82,2015,0.03795,2
83,2015,0.04366,2
84,2015,0.05074,2
85,2015,0.05824,2
86,2015,0.06849,2
87,2015,0.07902,2
88,2015,0.09067,2
89,2015,0.106,2
90,2015,0.12253,2
91,2015,0.13995,2
92,2015,0.15609,2
93,2015,0.18236,2
94,2015,0.20616,2
95,2015,0.23107,2
96,2015,0.26006,2
97,2015,0.29131,2
98,2015,0.32467,2
99,2015,0.35991,2
100,2015,0.39672,2
101,2015,0.43474,2
102,2015,0.47355,2
103,2015,0.51268,2
104,2015,0.55166,2
105,2015,0.59001,2
106,2015,0.62729,2
107,2015,0.66312,2
108,2015,0.69717,2
109,2015,0.72919,2
110,2015,NA,2
0,2016,0.00324,2
1,2016,0.00026,2
2,2016,0.00014,2
3,2016,1e-04,2
4,2016,9e-05,2
5,2016,9e-05,2
6,2016,6e-05,2
7,2016,6e-05,2
8,2016,6e-05,2
9,2016,6e-05,2
10,2016,7e-05,2
11,2016,7e-05,2
12,2016,6e-05,2
13,2016,6e-05,2
14,2016,0.00011,2
15,2016,0.00013,2
16,2016,0.00011,2
17,2016,0.00013,2
18,2016,0.00016,2
19,2016,2e-04,2
20,2016,0.00022,2
21,2016,0.00019,2
22,2016,0.00023,2
23,2016,0.00027,2
24,2016,0.00021,2
25,2016,0.00023,2
26,2016,0.00026,2
27,2016,0.00025,2
28,2016,0.00027,2
29,2016,0.00035,2
30,2016,3e-04,2
31,2016,0.00033,2
32,2016,0.00037,2
33,2016,4e-04,2
34,2016,0.00041,2
35,2016,4e-04,2
36,2016,0.00048,2
37,2016,0.00051,2
38,2016,0.00057,2
39,2016,0.00069,2
40,2016,7e-04,2
41,2016,0.00069,2
42,2016,0.00082,2
43,2016,0.00102,2
44,2016,0.00112,2
45,2016,0.0013,2
46,2016,0.00134,2
47,2016,0.00161,2
48,2016,0.00169,2
49,2016,0.0019,2
50,2016,0.00204,2
51,2016,0.00204,2
52,2016,0.00233,2
53,2016,0.00248,2
54,2016,0.00271,2
55,2016,0.003,2
56,2016,0.00325,2
57,2016,0.00373,2
58,2016,0.00388,2
59,2016,0.00422,2
60,2016,0.0046,2
61,2016,0.00478,2
62,2016,0.00499,2
63,2016,0.00538,2
64,2016,0.00582,2
65,2016,0.0063,2
66,2016,0.00662,2
67,2016,0.00694,2
68,2016,0.00711,2
69,2016,0.00805,2
70,2016,0.00874,2
71,2016,0.00982,2
72,2016,0.01098,2
73,2016,0.01163,2
74,2016,0.01288,2
75,2016,0.01406,2
76,2016,0.01566,2
77,2016,0.01806,2
78,2016,0.02089,2
79,2016,0.02339,2
80,2016,0.027,2
81,2016,0.03089,2
82,2016,0.03604,2
83,2016,0.04319,2
84,2016,0.04952,2
85,2016,0.05781,2
86,2016,0.06666,2
87,2016,0.07573,2
88,2016,0.08763,2
89,2016,0.10251,2
90,2016,0.11819,2
91,2016,0.13491,2
92,2016,0.15335,2
93,2016,0.17328,2
94,2016,0.19803,2
95,2016,0.22363,2
96,2016,0.25183,2
97,2016,0.2823,2
98,2016,0.31489,2
99,2016,0.34942,2
100,2016,0.3856,2
101,2016,0.4231,2
102,2016,0.4615,2
103,2016,0.50036,2
104,2016,0.53922,2
105,2016,0.57761,2
106,2016,0.61508,2
107,2016,0.65123,2
108,2016,0.68573,2
109,2016,0.71829,2
110,2016,NA,2
0,2017,0.00349,2
1,2017,0.00026,2
2,2017,0.00011,2
3,2017,0.00011,2
4,2017,9e-05,2
5,2017,7e-05,2
6,2017,6e-05,2
7,2017,6e-05,2
8,2017,3e-05,2
9,2017,6e-05,2
10,2017,5e-05,2
11,2017,8e-05,2
12,2017,7e-05,2
13,2017,9e-05,2
14,2017,7e-05,2
15,2017,9e-05,2
16,2017,0.00012,2
17,2017,0.00013,2
18,2017,0.00021,2
19,2017,0.00018,2
20,2017,0.00019,2
21,2017,0.00023,2
22,2017,2e-04,2
23,2017,2e-04,2
24,2017,2e-04,2
25,2017,0.00026,2
26,2017,0.00019,2
27,2017,0.00022,2
28,2017,0.00023,2
29,2017,0.00032,2
30,2017,0.00028,2
31,2017,0.00033,2
32,2017,0.00029,2
33,2017,0.00036,2
34,2017,0.00042,2
35,2017,0.00045,2
36,2017,0.00045,2
37,2017,0.00056,2
38,2017,0.00064,2
39,2017,0.00062,2
40,2017,0.00068,2
41,2017,0.00077,2
42,2017,0.00087,2
43,2017,0.00099,2
44,2017,0.00104,2
45,2017,0.00123,2
46,2017,0.00133,2
47,2017,0.00151,2
48,2017,0.0017,2
49,2017,0.00174,2
50,2017,0.00203,2
51,2017,0.00224,2
52,2017,0.00239,2
53,2017,0.00256,2
54,2017,0.00284,2
55,2017,0.00307,2
56,2017,0.00334,2
57,2017,0.00369,2
58,2017,0.00381,2
59,2017,0.00423,2
60,2017,0.00462,2
61,2017,0.00482,2
62,2017,0.00527,2
63,2017,0.00538,2
64,2017,0.00578,2
65,2017,0.00614,2
66,2017,0.00662,2
67,2017,0.00696,2
68,2017,0.00755,2
69,2017,0.00823,2
70,2017,0.00905,2
71,2017,0.00961,2
72,2017,0.01101,2
73,2017,0.01178,2
74,2017,0.0128,2
75,2017,0.01421,2
76,2017,0.01606,2
77,2017,0.01829,2
78,2017,0.02045,2
79,2017,0.02282,2
80,2017,0.02646,2
81,2017,0.03046,2
82,2017,0.03551,2
83,2017,0.04125,2
84,2017,0.04906,2
85,2017,0.05683,2
86,2017,0.06677,2
87,2017,0.07795,2
88,2017,0.08884,2
89,2017,0.10314,2
90,2017,0.12039,2
91,2017,0.13677,2
92,2017,0.15625,2
93,2017,0.17901,2
94,2017,0.20344,2
95,2017,0.22842,2
96,2017,0.25762,2
97,2017,0.28915,2
98,2017,0.32286,2
99,2017,0.35852,2
100,2017,0.39582,2
101,2017,0.43437,2
102,2017,0.47374,2
103,2017,0.51343,2
104,2017,0.55295,2
105,2017,0.59181,2
106,2017,0.62956,2
107,2017,0.66579,2
108,2017,0.70017,2
109,2017,0.73242,2
110,2017,NA,2
0,2018,0.00344,2
1,2018,0.00022,2
2,2018,0.00014,2
3,2018,0.00012,2
4,2018,9e-05,2
5,2018,7e-05,2
6,2018,9e-05,2
7,2018,5e-05,2
8,2018,7e-05,2
9,2018,6e-05,2
10,2018,8e-05,2
11,2018,4e-05,2
12,2018,6e-05,2
13,2018,8e-05,2
14,2018,7e-05,2
15,2018,0.00011,2
16,2018,0.00014,2
17,2018,0.00011,2
18,2018,0.00018,2
19,2018,0.00017,2
20,2018,0.00018,2
21,2018,0.00022,2
22,2018,0.00019,2
23,2018,0.00019,2
24,2018,0.00019,2
25,2018,0.00026,2
26,2018,0.00023,2
27,2018,0.00021,2
28,2018,0.00028,2
29,2018,0.00033,2
30,2018,0.00025,2
31,2018,3e-04,2
32,2018,0.00036,2
33,2018,0.00038,2
34,2018,0.00041,2
35,2018,0.00044,2
36,2018,5e-04,2
37,2018,0.00056,2
38,2018,0.00054,2
39,2018,6e-04,2
40,2018,0.00073,2
41,2018,0.00083,2
42,2018,0.00088,2
43,2018,0.00106,2
44,2018,0.00119,2
45,2018,0.0012,2
46,2018,0.00134,2
47,2018,0.0014,2
48,2018,0.00163,2
49,2018,0.00191,2
50,2018,0.00199,2
51,2018,0.00222,2
52,2018,0.00225,2
53,2018,0.00259,2
54,2018,0.00275,2
55,2018,0.003,2
56,2018,0.00352,2
57,2018,0.00369,2
58,2018,0.00369,2
59,2018,0.00421,2
60,2018,0.00449,2
61,2018,0.00465,2
62,2018,0.00511,2
63,2018,0.00542,2
64,2018,0.00574,2
65,2018,0.00623,2
66,2018,0.00673,2
67,2018,0.00713,2
68,2018,0.00767,2
69,2018,0.00795,2
70,2018,0.00881,2
71,2018,0.00965,2
72,2018,0.01046,2
73,2018,0.0114,2
74,2018,0.01315,2
75,2018,0.01423,2
76,2018,0.01568,2
77,2018,0.01786,2
78,2018,0.01989,2
79,2018,0.02299,2
80,2018,0.02608,2
81,2018,0.03038,2
82,2018,0.03402,2
83,2018,0.03976,2
84,2018,0.04725,2
85,2018,0.05626,2
86,2018,0.06534,2
87,2018,0.07598,2
88,2018,0.08632,2
89,2018,0.10111,2
90,2018,0.11643,2
91,2018,0.13312,2
92,2018,0.14949,2
93,2018,0.17256,2
94,2018,0.19722,2
95,2018,0.22343,2
96,2018,0.2522,2
97,2018,0.28332,2
98,2018,0.31666,2
99,2018,0.35199,2
100,2018,0.38903,2
101,2018,0.42738,2
102,2018,0.46664,2
103,2018,0.50631,2
104,2018,0.5459,2
105,2018,0.58492,2
106,2018,0.6229,2
107,2018,0.65943,2
108,2018,0.69416,2
109,2018,0.72681,2
110,2018,NA,2
0,2019,0.00332,2
1,2019,0.00022,2
2,2019,0.00016,2
3,2019,1e-04,2
4,2019,8e-05,2
5,2019,8e-05,2
6,2019,8e-05,2
7,2019,5e-05,2
8,2019,4e-05,2
9,2019,8e-05,2
10,2019,4e-05,2
11,2019,5e-05,2
12,2019,7e-05,2
13,2019,0.00011,2
14,2019,8e-05,2
15,2019,0.00013,2
16,2019,0.00013,2
17,2019,0.00014,2
18,2019,0.00022,2
19,2019,0.00013,2
20,2019,0.00018,2
21,2019,2e-04,2
22,2019,0.00021,2
23,2019,0.00021,2
24,2019,0.00018,2
25,2019,0.00018,2
26,2019,0.00022,2
27,2019,0.00027,2
28,2019,0.00028,2
29,2019,0.00027,2
30,2019,0.00035,2
31,2019,0.00029,2
32,2019,0.00032,2
33,2019,0.00035,2
34,2019,0.00042,2
35,2019,0.00048,2
36,2019,0.00047,2
37,2019,0.00058,2
38,2019,0.00061,2
39,2019,0.00065,2
40,2019,0.00068,2
41,2019,0.00082,2
42,2019,8e-04,2
43,2019,0.00091,2
44,2019,0.00101,2
45,2019,0.00114,2
46,2019,0.00132,2
47,2019,0.00151,2
48,2019,0.00157,2
49,2019,0.00179,2
50,2019,0.00196,2
51,2019,0.00227,2
52,2019,0.00244,2
53,2019,0.00252,2
54,2019,0.00267,2
55,2019,0.00297,2
56,2019,0.00308,2
57,2019,0.00336,2
58,2019,0.00381,2
59,2019,0.00407,2
60,2019,0.00446,2
61,2019,0.00485,2
62,2019,0.00504,2
63,2019,0.00532,2
64,2019,0.00581,2
65,2019,0.00616,2
66,2019,0.00639,2
67,2019,0.00721,2
68,2019,0.00766,2
69,2019,0.00815,2
70,2019,0.00866,2
71,2019,0.00972,2
72,2019,0.01058,2
73,2019,0.01146,2
74,2019,0.01287,2
75,2019,0.01454,2
76,2019,0.01529,2
77,2019,0.0178,2
78,2019,0.01968,2
79,2019,0.02197,2
80,2019,0.02633,2
81,2019,0.02988,2
82,2019,0.03399,2
83,2019,0.03967,2
84,2019,0.04606,2
85,2019,0.05373,2
86,2019,0.06332,2
87,2019,0.07458,2
88,2019,0.08663,2
89,2019,0.09942,2
90,2019,0.11254,2
91,2019,0.13154,2
92,2019,0.14888,2
93,2019,0.17191,2
94,2019,0.1963,2
95,2019,0.21979,2
96,2019,0.24814,2
97,2019,0.27884,2
98,2019,0.31176,2
99,2019,0.34671,2
100,2019,0.38338,2
101,2019,0.42144,2
102,2019,0.46045,2
103,2019,0.49995,2
104,2019,0.53945,2
105,2019,0.57846,2
106,2019,0.61652,2
107,2019,0.6532,2
108,2019,0.68815,2
109,2019,0.72108,2
110,2019,NA,2
0,2020,0.00321,2
1,2020,0.00021,2
2,2020,0.00015,2
3,2020,8e-05,2
4,2020,7e-05,2
5,2020,6e-05,2
6,2020,6e-05,2
7,2020,5e-05,2
8,2020,6e-05,2
9,2020,5e-05,2
10,2020,5e-05,2
11,2020,7e-05,2
12,2020,7e-05,2
13,2020,8e-05,2
14,2020,7e-05,2
15,2020,9e-05,2
16,2020,1e-04,2
17,2020,0.00011,2
18,2020,0.00022,2
19,2020,0.00015,2
20,2020,0.00019,2
21,2020,0.00018,2
22,2020,0.00023,2
23,2020,0.00025,2
24,2020,0.00018,2
25,2020,0.00021,2
26,2020,0.00018,2
27,2020,0.00022,2
28,2020,0.00025,2
29,2020,0.00028,2
30,2020,0.00033,2
31,2020,0.00035,2
32,2020,0.00032,2
33,2020,4e-04,2
34,2020,0.00038,2
35,2020,0.00045,2
36,2020,0.00046,2
37,2020,0.00048,2
38,2020,0.00054,2
39,2020,0.00061,2
40,2020,0.00067,2
41,2020,0.00078,2
42,2020,0.00083,2
43,2020,0.00097,2
44,2020,0.00105,2
45,2020,0.00113,2
46,2020,0.00124,2
47,2020,0.00145,2
48,2020,0.00159,2
49,2020,0.0018,2
50,2020,0.00201,2
51,2020,0.0021,2
52,2020,0.0024,2
53,2020,0.00254,2
54,2020,0.0027,2
55,2020,0.00296,2
56,2020,0.00315,2
57,2020,0.00353,2
58,2020,0.00383,2
59,2020,0.00412,2
60,2020,0.00449,2
61,2020,0.00479,2
62,2020,0.00512,2
63,2020,0.00559,2
64,2020,0.00613,2
65,2020,0.00655,2
66,2020,0.00698,2
67,2020,0.00721,2
68,2020,0.00797,2
69,2020,0.00852,2
70,2020,0.00973,2
71,2020,0.00992,2
72,2020,0.01087,2
73,2020,0.01198,2
74,2020,0.01352,2
75,2020,0.01553,2
76,2020,0.017,2
77,2020,0.01907,2
78,2020,0.02133,2
79,2020,0.0249,2
80,2020,0.0278,2
81,2020,0.03263,2
82,2020,0.03681,2
83,2020,0.04219,2
84,2020,0.04886,2
85,2020,0.05692,2
86,2020,0.06888,2
87,2020,0.08075,2
88,2020,0.09375,2
89,2020,0.10612,2
90,2020,0.125,2
91,2020,0.14449,2
92,2020,0.16148,2
93,2020,0.18344,2
94,2020,0.21232,2
95,2020,0.23643,2
96,2020,0.26649,2
97,2020,0.29888,2
98,2020,0.33342,2
99,2020,0.36984,2
100,2020,0.4078,2
101,2020,0.4469,2
102,2020,0.48667,2
103,2020,0.5266,2
104,2020,0.5662,2
105,2020,0.60497,2
106,2020,0.64246,2
107,2020,0.67829,2
108,2020,0.71214,2
109,2020,0.74377,2
110,2020,NA,2
0,2021,0.00335,2
1,2021,0.00021,2
2,2021,0.00016,2
3,2021,1e-04,2
4,2021,8e-05,2
5,2021,6e-05,2
6,2021,7e-05,2
7,2021,5e-05,2
8,2021,5e-05,2
9,2021,3e-05,2
10,2021,6e-05,2
11,2021,4e-05,2
12,2021,8e-05,2
13,2021,7e-05,2
14,2021,0.00011,2
15,2021,0.00011,2
16,2021,0.00012,2
17,2021,1e-04,2
18,2021,0.00017,2
19,2021,0.00022,2
20,2021,0.00023,2
21,2021,0.00019,2
22,2021,0.00019,2
23,2021,0.00018,2
24,2021,0.00023,2
25,2021,0.00024,2
26,2021,0.00018,2
27,2021,0.00024,2
28,2021,0.00029,2
29,2021,3e-04,2
30,2021,0.00029,2
31,2021,0.00029,2
32,2021,0.00032,2
33,2021,0.00037,2
34,2021,4e-04,2
35,2021,0.00048,2
36,2021,0.00048,2
37,2021,0.00051,2
38,2021,0.00052,2
39,2021,0.00064,2
40,2021,0.00069,2
41,2021,0.00074,2
42,2021,9e-04,2
43,2021,0.00093,2
44,2021,0.00093,2
45,2021,0.00117,2
46,2021,0.00118,2
47,2021,0.00126,2
48,2021,0.00147,2
49,2021,0.00168,2
50,2021,0.00189,2
51,2021,0.00228,2
52,2021,0.00231,2
53,2021,0.00247,2
54,2021,0.00276,2
55,2021,0.00295,2
56,2021,0.00307,2
57,2021,0.00331,2
58,2021,0.00376,2
59,2021,0.00408,2
60,2021,0.00431,2
61,2021,0.00485,2
62,2021,0.00526,2
63,2021,0.00589,2
64,2021,0.00617,2
65,2021,0.00685,2
66,2021,0.00725,2
67,2021,0.0074,2
68,2021,0.00821,2
69,2021,0.00893,2
70,2021,0.00981,2
71,2021,0.01032,2
72,2021,0.01099,2
73,2021,0.01244,2
74,2021,0.01353,2
75,2021,0.01505,2
76,2021,0.01699,2
77,2021,0.01892,2
78,2021,0.02104,2
79,2021,0.02395,2
80,2021,0.02818,2
81,2021,0.03132,2
82,2021,0.03588,2
83,2021,0.04138,2
84,2021,0.04812,2
85,2021,0.05521,2
86,2021,0.06321,2
87,2021,0.07579,2
88,2021,0.09009,2
89,2021,0.10237,2
90,2021,0.11702,2
91,2021,0.1361,2
92,2021,0.15525,2
93,2021,0.1745,2
94,2021,0.19591,2
95,2021,0.22227,2
96,2021,0.25037,2
97,2021,0.28075,2
98,2021,0.31327,2
99,2021,0.34773,2
100,2021,0.38387,2
101,2021,0.42134,2
102,2021,0.45973,2
103,2021,0.49861,2
104,2021,0.53751,2
105,2021,0.57595,2
106,2021,0.6135,2
107,2021,0.64974,2
108,2021,0.68434,2
109,2021,0.717,2
110,2021,NA,2
0,2022,0.00343,2
1,2022,0.00027,2
2,2022,0.00019,2
3,2022,0.00011,2
4,2022,8e-05,2
5,2022,0.00011,2
6,2022,9e-05,2
7,2022,7e-05,2
8,2022,6e-05,2
9,2022,7e-05,2
10,2022,7e-05,2
11,2022,7e-05,2
12,2022,6e-05,2
13,2022,0.00013,2
14,2022,0.00011,2
15,2022,1e-04,2
16,2022,0.00013,2
17,2022,0.00017,2
18,2022,0.00019,2
19,2022,0.00021,2
20,2022,0.00023,2
21,2022,0.00024,2
22,2022,0.00023,2
23,2022,0.00022,2
24,2022,0.00027,2
25,2022,0.00028,2
26,2022,0.00021,2
27,2022,0.00027,2
28,2022,0.00027,2
29,2022,0.00031,2
30,2022,0.00029,2
31,2022,0.00034,2
32,2022,0.00035,2
33,2022,0.00042,2
34,2022,0.00045,2
35,2022,0.00042,2
36,2022,0.00044,2
37,2022,0.00055,2
38,2022,0.00063,2
39,2022,0.00072,2
40,2022,0.00065,2
41,2022,8e-04,2
42,2022,0.00087,2
43,2022,0.00095,2
44,2022,0.00099,2
45,2022,0.00113,2
46,2022,0.00123,2
47,2022,0.00141,2
48,2022,0.00151,2
49,2022,0.00164,2
50,2022,0.00185,2
51,2022,0.00202,2
52,2022,0.00222,2
53,2022,0.00252,2
54,2022,0.00271,2
55,2022,0.00292,2
56,2022,0.00305,2
57,2022,0.00351,2
58,2022,0.00366,2
59,2022,0.00391,2
60,2022,0.00445,2
61,2022,0.00477,2
62,2022,0.00528,2
63,2022,0.00557,2
64,2022,0.00605,2
65,2022,0.00657,2
66,2022,0.00727,2
67,2022,0.00778,2
68,2022,0.00819,2
69,2022,0.00891,2
70,2022,0.00958,2
71,2022,0.01076,2
72,2022,0.01137,2
73,2022,0.01216,2
74,2022,0.01402,2
75,2022,0.01492,2
76,2022,0.01697,2
77,2022,0.01955,2
78,2022,0.02135,2
79,2022,0.0236,2
80,2022,0.02735,2
81,2022,0.0316,2
82,2022,0.03608,2
83,2022,0.04173,2
84,2022,0.04796,2
85,2022,0.05498,2
86,2022,0.06424,2
87,2022,0.07542,2
88,2022,0.08868,2
89,2022,0.10637,2
90,2022,0.12307,2
91,2022,0.13972,2
92,2022,0.15956,2
93,2022,0.18257,2
94,2022,0.20548,2
95,2022,0.23415,2
96,2022,0.26445,2
97,2022,0.29716,2
98,2022,0.33208,2
99,2022,0.36895,2
100,2022,0.40742,2
101,2022,0.44706,2
102,2022,0.48739,2
103,2022,0.52788,2
104,2022,0.568,2
105,2022,0.60726,2
106,2022,0.64517,2
107,2022,0.68135,2
108,2022,0.71546,2
109,2022,0.74728,2
110,2022,NA,2
0,2023,0.00366,2
1,2023,0.00025,2
2,2023,0.00016,2
3,2023,0.00011,2
4,2023,1e-04,2
5,2023,0.00011,2
6,2023,6e-05,2
7,2023,6e-05,2
8,2023,6e-05,2
9,2023,5e-05,2
10,2023,7e-05,2
11,2023,7e-05,2
12,2023,7e-05,2
13,2023,8e-05,2
14,2023,9e-05,2
15,2023,1e-04,2
16,2023,0.00012,2
17,2023,0.00012,2
18,2023,0.00019,2
19,2023,0.00017,2
20,2023,0.00022,2
21,2023,0.00017,2
22,2023,0.00023,2
23,2023,0.00019,2
24,2023,0.00025,2
25,2023,0.00021,2
26,2023,0.00022,2
27,2023,0.00024,2
28,2023,0.00026,2
29,2023,0.00027,2
30,2023,0.00024,2
31,2023,0.00038,2
32,2023,0.00033,2
33,2023,0.00037,2
34,2023,0.00038,2
35,2023,0.00042,2
36,2023,0.00047,2
37,2023,0.00059,2
38,2023,0.00063,2
39,2023,0.00065,2
40,2023,8e-04,2
41,2023,0.00075,2
42,2023,0.00077,2
43,2023,0.00083,2
44,2023,0.00097,2
45,2023,0.00111,2
46,2023,0.00114,2
47,2023,0.00133,2
48,2023,0.00148,2
49,2023,0.00168,2
50,2023,0.00183,2
51,2023,0.00196,2
52,2023,0.00223,2
53,2023,0.00243,2
54,2023,0.00247,2
55,2023,0.00299,2
56,2023,0.00308,2
57,2023,0.00328,2
58,2023,0.00361,2
59,2023,0.00389,2
60,2023,0.00411,2
61,2023,0.00468,2
62,2023,0.00513,2
63,2023,0.00537,2
64,2023,0.00602,2
65,2023,0.00627,2
66,2023,0.00648,2
67,2023,0.0074,2
68,2023,0.00808,2
69,2023,0.00886,2
70,2023,0.00953,2
71,2023,0.00981,2
72,2023,0.01099,2
73,2023,0.01173,2
74,2023,0.0124,2
75,2023,0.01407,2
76,2023,0.01615,2
77,2023,0.01763,2
78,2023,0.02028,2
79,2023,0.02291,2
80,2023,0.02565,2
81,2023,0.02877,2
82,2023,0.03366,2
83,2023,0.03908,2
84,2023,0.04545,2
85,2023,0.05239,2
86,2023,0.06071,2
87,2023,0.06896,2
88,2023,0.08044,2
89,2023,0.09511,2
90,2023,0.11363,2
91,2023,0.13137,2
92,2023,0.15039,2
93,2023,0.1723,2
94,2023,0.19315,2
95,2023,0.2176,2
96,2023,0.24608,2
97,2023,0.27697,2
98,2023,0.31015,2
99,2023,0.34539,2
100,2023,0.38243,2
101,2023,0.42088,2
102,2023,0.46031,2
103,2023,0.50025,2
104,2023,0.54019,2
105,2023,0.57961,2
106,2023,0.61805,2
107,2023,0.65506,2
108,2023,0.69028,2
109,2023,0.72343,2
110,2023,NA,2
